SIZE_0,SHAPE_1,SHAPE_2,SHAPE_3,SHAPE_4,SHAPE_7,SHAPE_9
238.8,0.748,0.488,1.957,1.097,1.349,3.257
213.8,0.603,0.475,2.122,1.274,1.386,3.205
204.0,0.590,0.487,2.146,1.417,1.383,3.394
207.6,0.528,0.460,2.116,1.329,1.448,3.282
204.7,0.587,0.478,2.116,1.279,1.424,3.165
198.6,0.593,0.484,2.228,1.303,1.506,3.427
194.4,0.512,0.453,2.288,1.357,1.545,3.241
206.0,0.482,0.455,2.232,1.504,1.506,3.294
207.6,0.583,0.462,2.156,1.273,1.453,3.237
199.4,0.569,0.455,2.242,1.434,1.451,3.329
198.1,0.559,0.463,2.191,1.316,1.599,3.410
200.9,0.617,0.469,2.139,1.342,1.338,3.221
191.8,0.560,0.469,2.181,1.337,1.435,3.122
208.1,0.544,0.453,2.157,1.312,1.404,3.212
199.3,0.568,0.440,2.089,1.372,1.462,3.322
212.1,0.573,0.477,2.207,1.387,1.448,3.381
210.8,0.472,0.458,2.285,1.658,1.618,3.306
211.3,0.576,0.460,2.177,1.264,1.475,3.375
194.2,0.465,0.458,2.296,1.474,1.682,3.101
199.3,0.541,0.482,2.139,1.406,1.556,3.357
201.7,0.535,0.463,2.296,1.340,1.525,3.225
200.9,0.492,0.453,2.360,1.420,1.459,3.184
222.0,0.623,0.455,2.040,1.452,1.389,3.343
218.6,0.518,0.463,2.129,1.298,1.462,3.319
207.8,0.565,0.488,2.199,1.323,1.471,3.316
199.1,0.555,0.480,2.309,1.292,1.548,3.233
208.0,0.531,0.485,2.213,1.240,1.520,3.462
217.3,0.564,0.464,2.054,1.275,1.391,3.408
226.1,0.713,0.482,1.962,1.238,1.260,3.312
207.7,0.509,0.453,2.264,1.332,1.408,3.255
194.7,0.564,0.473,2.118,1.343,1.450,3.309
193.5,0.512,0.472,2.141,1.285,1.605,3.394
212.9,0.578,0.462,2.152,1.343,1.417,3.234
225.9,0.647,0.460,2.058,1.296,1.481,3.338
223.1,0.602,0.462,2.045,1.275,1.471,3.188
209.2,0.555,0.459,2.151,1.376,1.473,3.222
202.1,0.571,0.486,2.079,1.291,1.606,3.493
210.5,0.553,0.466,2.109,1.286,1.590,3.227
194.7,0.581,0.476,2.133,1.306,1.436,3.354
205.0,0.516,0.478,2.191,1.455,1.475,3.425
232.7,0.730,0.481,2.056,1.199,1.242,3.204
216.6,0.562,0.450,2.060,1.218,1.517,3.344
204.7,0.530,0.468,2.199,1.390,1.515,3.194
219.4,0.538,0.468,2.164,1.305,1.586,3.283
207.3,0.624,0.468,2.096,1.246,1.406,3.341
195.7,0.519,0.467,2.256,1.350,1.546,3.176
197.7,0.588,0.466,2.198,1.319,1.487,3.236
209.3,0.582,0.474,2.025,1.320,1.414,3.431
204.3,0.517,0.478,2.154,1.374,1.529,3.280
207.8,0.524,0.480,2.157,1.252,1.460,3.410
219.5,0.542,0.462,2.049,1.235,1.381,3.295
207.3,0.570,0.485,2.098,1.305,1.450,3.323
212.1,0.510,0.474,2.198,1.541,1.421,3.410
205.0,0.510,0.466,2.183,1.278,1.544,3.416
198.8,0.519,0.474,2.285,1.458,1.489,3.418
195.0,0.492,0.466,2.160,1.241,1.515,3.232
204.2,0.485,0.470,2.191,1.268,1.467,3.423
211.3,0.577,0.455,2.130,1.222,1.483,3.177
199.2,0.545,0.470,2.300,1.347,1.477,3.331
209.3,0.545,0.481,2.097,1.375,1.515,3.291
205.9,0.557,0.456,2.078,1.212,1.619,3.272
207.0,0.581,0.459,2.036,1.253,1.452,3.315
201.1,0.498,0.485,2.265,1.344,1.615,3.587
200.2,0.492,0.461,2.197,1.309,1.555,3.335
219.6,0.609,0.487,1.962,1.268,1.489,3.246
196.3,0.563,0.506,2.151,1.307,1.592,3.335
223.2,0.609,0.463,1.963,1.315,1.384,3.256
203.0,0.558,0.464,2.123,1.249,1.604,3.224
198.4,0.500,0.453,2.098,1.380,1.671,3.236
213.0,0.603,0.492,1.954,1.283,1.370,3.368
203.7,0.600,0.460,2.022,1.349,1.469,3.222
201.3,0.532,0.467,2.086,1.339,1.520,3.490
201.6,0.607,0.459,2.017,1.328,1.413,3.292
204.9,0.597,0.480,2.056,1.299,1.370,3.385
183.9,0.499,0.470,2.337,1.456,1.496,3.360
210.2,0.570,0.461,2.176,1.214,1.458,3.267
216.5,0.522,0.472,2.151,1.448,1.503,3.307
186.6,0.545,0.479,2.076,1.445,1.418,3.369
189.5,0.601,0.479,2.012,1.228,1.425,3.285
199.0,0.547,0.447,2.137,1.354,1.506,3.243
201.5,0.643,0.484,2.052,1.346,1.476,3.288
211.3,0.612,0.466,1.924,1.256,1.336,3.433
199.5,0.572,0.484,1.998,1.275,1.525,3.264
201.5,0.559,0.470,1.950,1.324,1.552,3.303
233.2,0.718,0.454,1.782,1.131,1.296,3.008
198.5,0.559,0.478,2.195,1.411,1.542,3.502
203.3,0.557,0.472,2.038,1.313,1.531,3.399
217.7,0.600,0.442,2.059,1.333,1.408,3.200
209.0,0.627,0.470,2.031,1.287,1.474,3.297
212.2,0.496,0.440,2.030,1.374,1.558,3.168
207.9,0.574,0.462,2.078,1.348,1.418,3.351
207.1,0.517,0.458,2.168,1.404,1.640,3.306
187.5,0.505,0.468,2.164,1.417,1.558,3.302
196.9,0.591,0.484,2.051,1.306,1.390,3.356
200.8,0.546,0.454,2.240,1.392,1.446,3.303
211.0,0.535,0.457,2.069,1.346,1.548,3.259
214.3,0.584,0.471,2.052,1.305,1.419,3.328
222.9,0.595,0.492,2.190,1.371,1.376,3.416
194.3,0.539,0.479,2.187,1.405,1.604,3.341
216.1,0.658,0.470,2.110,1.206,1.416,3.326
203.5,0.528,0.456,2.242,1.407,1.501,3.434
196.3,0.508,0.480,2.318,1.438,1.518,3.493
206.7,0.486,0.464,2.290,1.457,1.600,3.285
206.1,0.537,0.466,2.211,1.454,1.473,3.262
196.9,0.520,0.446,2.186,1.532,1.605,3.221
184.5,0.523,0.482,2.196,1.369,1.625,3.468
211.7,0.635,0.468,1.999,1.218,1.359,3.302
202.8,0.535,0.462,2.172,1.267,1.448,3.218
197.2,0.514,0.473,2.162,1.355,1.632,3.385
204.2,0.565,0.459,2.098,1.236,1.528,3.397
211.0,0.529,0.466,2.096,1.269,1.430,3.315
209.4,0.552,0.461,2.121,1.267,1.480,3.392
206.2,0.571,0.478,2.011,1.319,1.455,3.412
224.6,0.638,0.471,1.959,1.130,1.413,3.320
200.4,0.547,0.469,2.076,1.413,1.450,3.369
190.1,0.624,0.484,1.961,1.292,1.375,3.361
194.3,0.523,0.451,2.226,1.276,1.557,3.259
216.0,0.603,0.456,1.947,1.180,1.599,3.271
198.9,0.504,0.468,2.251,1.447,1.498,3.460
204.5,0.554,0.482,2.070,1.312,1.600,3.206
217.3,0.501,0.453,2.196,1.349,1.524,3.348
218.7,0.611,0.468,1.991,1.199,1.324,3.257
216.1,0.605,0.473,1.973,1.242,1.457,3.242
208.4,0.560,0.459,2.177,1.347,1.566,3.247
209.3,0.590,0.465,2.037,1.264,1.343,3.215
192.2,0.503,0.467,2.204,1.363,1.648,3.285
198.7,0.540,0.464,2.176,1.314,1.581,3.295
195.1,0.534,0.461,2.180,1.304,1.564,3.311
202.8,0.548,0.467,2.196,1.360,1.585,3.194
206.9,0.573,0.463,2.055,1.249,1.512,3.348
193.0,0.517,0.466,2.413,1.422,1.477,3.497
183.6,0.586,0.474,2.124,1.261,1.557,3.453
212.9,0.526,0.466,2.202,1.338,1.454,3.392
198.6,0.617,0.480,2.033,1.251,1.466,3.432
204.2,0.512,0.469,2.413,1.424,1.410,3.384
207.4,0.638,0.474,2.065,1.255,1.428,3.207
220.9,0.581,0.451,2.032,1.320,1.466,3.356
215.2,0.563,0.473,2.186,1.299,1.453,3.413
193.0,0.585,0.469,2.120,1.340,1.500,3.222
215.4,0.561,0.459,2.149,1.373,1.495,3.244
205.7,0.496,0.464,2.345,1.473,1.422,3.260
212.7,0.465,0.458,2.307,1.207,1.568,3.075
193.9,0.566,0.476,2.089,1.379,1.428,3.304
211.8,0.552,0.461,2.147,1.212,1.492,3.152
189.8,0.573,0.475,2.139,1.365,1.533,3.251
219.6,0.718,0.489,1.887,1.275,1.297,3.345
206.1,0.537,0.461,2.058,1.321,1.585,3.279
211.2,0.569,0.473,2.080,1.235,1.446,3.328
199.3,0.519,0.480,2.349,1.228,1.597,3.491
210.6,0.547,0.466,2.168,1.375,1.476,3.287
204.6,0.579,0.475,2.189,1.360,1.553,3.343
194.9,0.563,0.502,2.168,1.391,1.561,3.405
218.9,0.518,0.465,2.117,1.267,1.477,3.246
196.5,0.564,0.473,2.240,1.380,1.458,3.364
203.1,0.557,0.462,2.284,1.213,1.444,3.240
198.9,0.589,0.468,2.107,1.333,1.432,3.386
210.4,0.566,0.451,1.983,1.335,1.373,3.371
222.3,0.544,0.462,2.203,1.357,1.507,3.267
203.3,0.538,0.459,2.180,1.332,1.586,3.110
207.0,0.517,0.463,2.087,1.256,1.573,3.314
202.4,0.557,0.469,2.115,1.404,1.523,3.303
207.9,0.551,0.482,2.039,1.183,1.601,3.388
207.5,0.517,0.468,2.159,1.405,1.509,3.338
213.8,0.576,0.462,1.962,1.272,1.362,3.298
202.4,0.536,0.458,2.222,1.451,1.515,3.297
211.7,0.642,0.457,1.990,1.231,1.324,3.134
205.1,0.674,0.466,1.989,1.260,1.396,3.195
193.9,0.515,0.471,2.216,1.461,1.485,3.273
211.8,0.508,0.450,2.146,1.399,1.532,3.295
210.7,0.589,0.462,2.107,1.257,1.375,3.213
195.2,0.516,0.469,2.259,1.378,1.614,3.376
196.4,0.525,0.475,2.132,1.385,1.572,3.209
201.5,0.519,0.481,2.402,1.326,1.573,3.428
211.4,0.529,0.456,2.138,1.246,1.527,3.295
208.9,0.613,0.478,2.155,1.274,1.428,3.401
198.1,0.469,0.463,2.237,1.399,1.666,3.283
207.2,0.593,0.483,2.115,1.306,1.463,3.257
204.3,0.508,0.456,2.267,1.415,1.542,3.291
212.9,0.539,0.463,2.158,1.343,1.537,3.242
212.5,0.500,0.461,2.224,1.242,1.488,3.240
215.2,0.632,0.474,1.895,1.373,1.404,3.227
216.5,0.633,0.480,2.013,1.300,1.336,3.502
212.4,0.535,0.460,2.103,1.361,1.467,3.266
209.4,0.583,0.456,2.164,1.295,1.505,3.212
199.1,0.524,0.449,2.074,1.366,1.716,3.177
197.7,0.501,0.449,2.216,1.281,1.675,3.286
219.8,0.649,0.470,2.035,1.248,1.277,3.196
214.2,0.496,0.446,2.174,1.328,1.598,3.223
195.3,0.481,0.471,2.255,1.487,1.582,3.253
194.9,0.530,0.501,2.329,1.353,1.489,3.519
202.2,0.534,0.452,2.104,1.317,1.568,3.205
210.4,0.601,0.471,2.034,1.262,1.366,3.325
220.0,0.647,0.483,2.071,1.189,1.385,3.392
216.1,0.643,0.463,1.888,1.226,1.319,3.210
206.1,0.507,0.473,2.263,1.207,1.515,3.239
213.7,0.637,0.450,1.977,1.328,1.317,3.218
191.1,0.562,0.464,2.186,1.346,1.519,3.241
209.7,0.563,0.468,1.973,1.348,1.466,3.210
211.0,0.531,0.452,2.097,1.315,1.449,3.406
203.6,0.609,0.454,2.065,1.193,1.391,3.143
210.8,0.563,0.464,2.091,1.343,1.448,3.268
200.5,0.547,0.464,2.104,1.342,1.454,3.217
209.1,0.560,0.463,2.168,1.281,1.524,3.316
218.8,0.584,0.457,1.971,1.274,1.365,3.298
201.0,0.560,0.488,2.159,1.351,1.494,3.352
221.1,0.566,0.456,2.146,1.377,1.301,3.202
201.7,0.513,0.459,2.141,1.328,1.587,3.213
211.6,0.578,0.447,1.904,1.296,1.561,3.164
196.2,0.530,0.484,2.236,1.457,1.638,3.246
200.7,0.570,0.466,2.068,1.321,1.504,3.177
215.6,0.666,0.461,1.850,1.224,1.304,3.289
189.5,0.615,0.486,2.038,1.291,1.465,3.400
193.2,0.498,0.466,2.281,1.428,1.613,3.316
191.7,0.580,0.481,2.188,1.277,1.504,3.317
208.3,0.549,0.458,2.102,1.284,1.458,3.271
205.0,0.519,0.452,2.223,1.325,1.455,3.279
208.9,0.556,0.466,2.058,1.315,1.603,3.277
200.2,0.569,0.467,2.049,1.278,1.538,3.348
209.6,0.547,0.471,2.104,1.234,1.468,3.294
205.3,0.527,0.466,2.159,1.240,1.592,3.245
209.1,0.628,0.472,2.036,1.284,1.445,3.341
211.6,0.596,0.463,2.073,1.198,1.489,3.275
211.7,0.612,0.474,2.062,1.298,1.309,3.397
199.9,0.531,0.470,2.104,1.245,1.602,3.106
199.1,0.426,0.462,2.289,1.338,1.672,3.223
205.0,0.657,0.489,2.043,1.235,1.363,3.312
204.2,0.592,0.472,1.953,1.291,1.560,3.283
207.3,0.601,0.473,2.057,1.329,1.342,3.181
196.7,0.438,0.477,2.251,1.342,1.710,3.349
209.1,0.690,0.467,1.987,1.161,1.260,3.253
199.0,0.495,0.459,2.250,1.313,1.599,3.214
212.2,0.615,0.470,1.961,1.315,1.473,3.329
204.5,0.574,0.471,1.975,1.300,1.471,3.350
200.1,0.561,0.470,2.045,1.388,1.513,3.259
223.1,0.485,0.451,2.262,1.223,1.584,3.170
205.6,0.589,0.498,2.122,1.270,1.469,3.386
205.4,0.515,0.474,2.213,1.281,1.440,3.095
199.4,0.576,0.459,2.072,1.338,1.425,3.151
201.9,0.502,0.476,2.265,1.308,1.600,3.449
251.7,0.911,0.508,1.898,0.984,1.294,3.404
213.9,0.580,0.487,2.078,1.203,1.415,3.190
210.1,0.581,0.476,2.024,1.232,1.459,3.483
223.5,0.623,0.469,1.950,1.106,1.469,3.207
200.9,0.557,0.467,2.140,1.365,1.435,3.327
215.2,0.535,0.459,2.140,1.356,1.426,3.434
216.6,0.669,0.493,1.991,1.228,1.339,3.460
204.0,0.484,0.470,2.299,1.490,1.505,3.279
190.8,0.563,0.455,2.115,1.292,1.674,3.135
214.5,0.507,0.468,2.149,1.385,1.555,3.301
202.5,0.562,0.479,2.239,1.267,1.534,3.371
211.4,0.576,0.452,1.924,1.325,1.490,3.316
198.0,0.530,0.480,2.026,1.238,1.683,3.295
214.1,0.614,0.468,1.939,1.279,1.276,3.188
193.5,0.641,0.464,1.974,1.240,1.562,3.200
209.7,0.517,0.469,2.210,1.328,1.573,3.257
204.3,0.564,0.469,2.034,1.349,1.650,3.238
193.7,0.617,0.459,2.132,1.302,1.528,3.261
198.7,0.619,0.470,2.047,1.312,1.471,3.279
220.5,0.621,0.475,2.047,1.315,1.392,3.252
191.6,0.526,0.466,2.295,1.436,1.450,3.292
206.6,0.514,0.475,2.367,1.303,1.512,3.314
208.2,0.572,0.446,2.103,1.259,1.480,3.371
195.5,0.519,0.469,2.272,1.339,1.544,3.408
203.4,0.515,0.490,2.053,1.345,1.655,3.297
203.6,0.544,0.459,2.108,1.286,1.604,3.280
221.2,0.482,0.443,2.023,1.232,1.573,3.157
250.6,0.959,0.483,1.988,0.913,1.266,3.064
194.4,0.646,0.473,2.007,1.266,1.409,3.209
199.5,0.508,0.472,2.116,1.276,1.572,3.316
200.8,0.546,0.478,2.052,1.260,1.542,3.205
211.2,0.548,0.468,2.188,1.231,1.508,3.228
203.0,0.575,0.460,2.163,1.272,1.515,3.000
207.4,0.597,0.465,2.048,1.298,1.515,3.230
221.3,0.626,0.461,2.037,1.199,1.418,3.232
219.8,0.572,0.477,1.888,1.358,1.527,3.274
217.9,0.488,0.442,2.054,1.310,1.587,3.268
207.2,0.546,0.471,2.082,1.280,1.430,3.282
204.4,0.630,0.446,1.807,1.279,1.383,3.037
203.0,0.609,0.454,1.919,1.178,1.463,3.172
210.5,0.560,0.469,2.061,1.278,1.496,3.192
206.7,0.495,0.454,2.140,1.323,1.475,3.407
216.4,0.653,0.458,2.111,1.143,1.306,3.218
206.3,0.534,0.467,2.194,1.264,1.458,3.280
219.9,0.585,0.449,2.103,1.250,1.428,3.114
203.7,0.510,0.477,2.221,1.363,1.537,3.392
222.2,0.520,0.450,2.125,1.225,1.493,3.224
214.6,0.626,0.470,2.103,1.389,1.465,3.280
220.0,0.592,0.465,2.090,1.115,1.415,3.238
200.0,0.537,0.473,2.207,1.238,1.591,3.238
202.1,0.558,0.480,2.121,1.355,1.463,3.322
211.1,0.617,0.485,1.908,1.229,1.468,3.210
232.7,0.738,0.472,1.973,1.094,1.289,3.189
206.6,0.542,0.480,2.066,1.282,1.651,3.269
199.9,0.624,0.488,2.091,1.225,1.445,3.300
210.6,0.539,0.440,2.175,1.420,1.469,3.208
222.7,0.585,0.465,2.051,1.275,1.327,3.396
202.9,0.501,0.467,2.133,1.308,1.546,3.198
195.7,0.554,0.455,2.073,1.322,1.488,3.290
201.7,0.585,0.459,1.937,1.197,1.403,3.181
186.5,0.541,0.466,2.202,1.467,1.545,3.225
189.1,0.555,0.499,2.142,1.214,1.568,3.371
212.0,0.595,0.487,2.213,1.243,1.447,3.344
211.7,0.566,0.479,2.077,1.287,1.429,3.189
200.7,0.473,0.460,2.303,1.484,1.672,3.195
214.0,0.653,0.494,2.073,1.359,1.271,3.392
180.6,0.480,0.509,2.276,1.433,1.712,3.462
214.9,0.674,0.478,2.018,1.101,1.388,3.022
200.3,0.485,0.488,2.334,1.259,1.621,3.500
180.6,0.660,0.490,1.968,1.322,1.442,3.267
218.2,0.666,0.470,1.954,1.206,1.328,3.301
199.5,0.537,0.459,2.126,1.230,1.530,3.173
233.3,0.700,0.473,1.918,1.202,1.297,3.204
202.7,0.540,0.468,2.120,1.330,1.661,3.247
215.9,0.555,0.469,2.183,1.311,1.486,3.383
203.2,0.525,0.454,2.154,1.317,1.617,3.102
193.4,0.529,0.470,2.038,1.300,1.547,3.219
219.3,0.489,0.446,2.258,1.352,1.433,3.304
200.7,0.564,0.476,2.067,1.269,1.319,3.275
198.3,0.489,0.459,2.236,1.309,1.622,3.232
224.5,0.711,0.462,1.962,1.292,1.297,3.127
206.8,0.597,0.477,2.086,1.288,1.422,3.277
197.8,0.567,0.469,2.121,1.338,1.546,3.299
205.6,0.583,0.470,2.122,1.235,1.407,3.250
208.6,0.569,0.469,2.108,1.211,1.538,3.249
219.4,0.573,0.448,2.162,1.173,1.379,3.242
205.1,0.488,0.480,2.263,1.273,1.517,3.231
211.4,0.530,0.451,2.228,1.230,1.519,3.181
213.7,0.547,0.477,2.067,1.389,1.546,3.232
223.5,0.697,0.491,1.928,1.264,1.388,3.321
233.1,0.754,0.479,1.899,1.149,1.267,3.321
223.3,0.556,0.463,2.163,1.404,1.467,3.332
216.9,0.568,0.470,2.065,1.222,1.573,3.421
203.2,0.520,0.467,2.219,1.313,1.656,3.241
200.9,0.531,0.467,2.124,1.368,1.573,3.217
192.1,0.504,0.486,2.168,1.236,1.657,3.468
190.4,0.632,0.450,2.060,1.268,1.478,3.139
218.2,0.615,0.462,2.050,1.300,1.326,3.146
199.9,0.562,0.469,2.115,1.424,1.476,3.241
196.4,0.509,0.477,2.237,1.282,1.532,3.371
207.1,0.502,0.457,2.258,1.300,1.733,3.213
189.3,0.600,0.481,2.074,1.272,1.466,3.324
206.8,0.662,0.471,2.002,1.149,1.322,3.250
209.3,0.479,0.463,2.240,1.344,1.645,3.205
208.9,0.536,0.460,2.164,1.281,1.514,3.214
212.7,0.705,0.475,2.083,1.207,1.362,3.385
193.1,0.534,0.479,2.294,1.312,1.519,3.264
204.3,0.600,0.488,2.120,1.273,1.450,3.307
190.4,0.532,0.460,2.076,1.278,1.520,3.222
201.9,0.477,0.459,2.307,1.415,1.593,3.171
201.5,0.527,0.481,2.186,1.208,1.456,3.233
199.1,0.549,0.477,2.012,1.266,1.426,3.207
203.0,0.497,0.479,2.223,1.282,1.554,3.443
213.7,0.581,0.462,2.084,1.249,1.448,3.130
211.6,0.550,0.471,2.206,1.338,1.367,3.231
198.6,0.492,0.451,2.299,1.279,1.633,3.232
223.7,0.642,0.482,1.947,1.087,1.218,3.277
194.0,0.562,0.456,2.118,1.305,1.592,3.181
213.8,0.552,0.457,2.072,1.242,1.432,3.391
217.4,0.556,0.461,2.005,1.250,1.575,3.258
209.4,0.501,0.469,2.158,1.348,1.608,3.176
211.9,0.594,0.462,2.048,1.300,1.423,3.163
227.6,0.553,0.461,2.035,1.231,1.388,3.209
207.1,0.569,0.467,2.075,1.245,1.403,3.303
206.3,0.593,0.477,2.067,1.152,1.412,3.265
203.2,0.529,0.454,2.044,1.294,1.583,3.233
202.8,0.484,0.437,2.349,1.315,1.494,3.131
195.6,0.547,0.471,2.254,1.316,1.449,3.303
219.0,0.520,0.458,2.255,1.262,1.399,3.336
207.1,0.547,0.468,2.226,1.287,1.450,3.204
195.6,0.526,0.462,2.148,1.169,1.602,3.084
194.5,0.496,0.470,2.449,1.368,1.610,3.352
189.3,0.478,0.471,2.247,1.362,1.613,3.321
200.5,0.559,0.455,2.136,1.283,1.626,3.222
211.2,0.533,0.453,2.257,1.316,1.500,3.174
209.2,0.555,0.479,2.108,1.364,1.474,3.177
192.0,0.485,0.472,2.260,1.400,1.585,3.231
201.6,0.585,0.459,2.089,1.430,1.433,3.097
204.6,0.502,0.452,2.243,1.355,1.520,3.314
194.3,0.517,0.470,2.323,1.273,1.615,3.357
233.5,0.716,0.468,1.977,1.181,1.224,3.272
208.2,0.538,0.463,2.255,1.335,1.497,3.292
198.7,0.469,0.466,2.305,1.284,1.544,3.289
202.7,0.625,0.492,2.031,1.213,1.340,3.335
210.9,0.549,0.462,2.010,1.212,1.462,3.215
228.2,0.561,0.469,1.976,1.261,1.496,3.246
182.7,0.546,0.456,2.218,1.364,1.505,3.017
223.1,0.492,0.456,2.113,1.272,1.509,3.126
222.0,0.546,0.458,2.093,1.279,1.515,3.188
211.0,0.593,0.473,2.151,1.311,1.374,3.370
202.6,0.559,0.466,2.159,1.298,1.385,3.286
196.2,0.435,0.452,2.445,1.422,1.652,3.312
195.5,0.536,0.475,2.250,1.255,1.598,3.282
188.2,0.505,0.469,2.244,1.365,1.630,3.230
216.0,0.607,0.479,2.032,1.216,1.444,3.211
222.2,0.549,0.457,1.850,1.327,1.457,3.009
204.4,0.552,0.486,2.014,1.185,1.613,3.454
204.5,0.562,0.459,2.312,1.239,1.458,3.175
217.0,0.563,0.466,2.041,1.232,1.446,3.258
199.3,0.515,0.459,2.045,1.354,1.538,3.237
223.6,0.628,0.475,2.001,1.340,1.256,3.207
187.5,0.497,0.474,2.300,1.432,1.673,3.380
228.9,0.572,0.451,1.999,1.174,1.369,3.378
192.9,0.535,0.447,2.213,1.429,1.607,3.284
197.1,0.513,0.454,2.311,1.352,1.558,3.246
207.6,0.500,0.448,2.247,1.437,1.524,3.229
210.9,0.543,0.468,2.032,1.254,1.509,3.399
212.3,0.608,0.467,1.923,1.250,1.340,3.287
208.5,0.541,0.454,2.129,1.201,1.435,3.282
209.7,0.525,0.451,2.164,1.394,1.494,3.337
213.2,0.554,0.448,2.149,1.267,1.443,3.307
207.8,0.512,0.453,2.143,1.316,1.544,3.220
203.7,0.470,0.414,2.227,1.423,1.580,3.034
195.9,0.563,0.473,2.138,1.376,1.525,3.379
226.5,0.572,0.437,2.044,1.282,1.320,3.117
204.6,0.542,0.459,2.162,1.362,1.410,3.329
201.4,0.538,0.441,2.032,1.273,1.565,3.195
203.2,0.577,0.434,2.097,1.346,1.542,3.220
199.7,0.549,0.453,2.212,1.398,1.486,3.187
200.2,0.573,0.458,2.071,1.359,1.485,3.335
192.3,0.487,0.461,2.280,1.417,1.533,3.300
219.9,0.542,0.455,1.977,1.329,1.537,3.324
196.4,0.530,0.467,2.222,1.465,1.599,3.334
205.9,0.678,0.485,1.937,1.180,1.263,3.292
203.4,0.603,0.473,2.038,1.365,1.481,3.248
215.2,0.494,0.477,2.224,1.246,1.621,3.269
213.8,0.578,0.446,2.133,1.241,1.475,3.203
195.4,0.559,0.470,2.026,1.237,1.457,3.399
200.1,0.611,0.467,1.931,1.278,1.383,3.226
208.4,0.588,0.462,2.026,1.373,1.426,3.144
220.2,0.598,0.456,2.018,1.346,1.295,3.218
213.5,0.505,0.458,2.106,1.319,1.456,3.280
208.7,0.522,0.450,2.108,1.388,1.461,3.200
215.2,0.559,0.462,1.932,1.237,1.365,3.230
203.6,0.695,0.468,2.094,1.189,1.364,3.342
212.0,0.502,0.472,2.254,1.329,1.551,3.284
206.6,0.555,0.484,2.181,1.498,1.476,3.352
202.9,0.553,0.475,2.169,1.306,1.501,3.245
199.9,0.541,0.460,2.042,1.303,1.503,3.218
227.6,0.633,0.468,2.006,1.214,1.434,3.180
236.2,0.688,0.480,2.022,1.146,1.266,3.211
202.7,0.537,0.463,2.169,1.248,1.611,3.260
208.5,0.622,0.484,2.073,1.266,1.440,3.278
194.9,0.501,0.463,2.265,1.357,1.633,3.100
203.2,0.526,0.475,2.107,1.274,1.384,3.175
210.8,0.511,0.460,2.130,1.389,1.528,3.161
194.6,0.516,0.466,2.166,1.436,1.566,3.237
195.6,0.560,0.472,2.198,1.319,1.421,3.293
191.1,0.521,0.479,2.110,1.341,1.547,3.342
190.8,0.529,0.479,2.161,1.397,1.605,3.262
216.2,0.451,0.479,2.240,1.338,1.792,3.197
220.9,0.639,0.461,1.993,1.326,1.386,3.220
192.8,0.634,0.463,2.034,1.368,1.570,3.215
211.3,0.635,0.490,2.094,1.250,1.307,3.294
217.7,0.642,0.459,2.117,1.311,1.362,3.297
213.0,0.594,0.470,2.033,1.226,1.370,3.271
205.4,0.599,0.441,2.098,1.405,1.424,3.087
194.2,0.554,0.465,2.044,1.360,1.422,3.164
202.9,0.612,0.455,2.017,1.370,1.412,3.070
203.3,0.573,0.478,2.141,1.246,1.528,3.284
208.7,0.580,0.457,2.157,1.282,1.459,3.338
195.4,0.607,0.475,2.084,1.359,1.392,3.319
207.3,0.625,0.453,1.935,1.378,1.416,2.985
204.3,0.524,0.442,2.095,1.404,1.513,3.123
215.1,0.610,0.455,2.073,1.336,1.425,3.109
198.5,0.597,0.457,2.065,1.448,1.397,3.180
198.1,0.507,0.474,2.119,1.318,1.676,3.341
202.2,0.496,0.457,2.322,1.461,1.487,3.175
199.7,0.490,0.461,2.324,1.260,1.519,3.310
209.2,0.641,0.431,2.069,1.411,1.429,3.143
192.8,0.478,0.449,2.472,1.631,1.628,3.245
199.3,0.621,0.472,2.181,1.363,1.284,3.182
191.7,0.483,0.454,2.427,1.495,1.534,3.131
206.6,0.538,0.443,2.246,1.391,1.451,3.114
221.0,0.528,0.462,2.003,1.337,1.496,3.198
202.0,0.501,0.457,2.150,1.375,1.534,3.076
194.9,0.509,0.475,2.265,1.383,1.533,3.369
192.7,0.476,0.442,2.273,1.507,1.574,3.301
212.0,0.558,0.463,2.152,1.413,1.488,3.269
200.0,0.489,0.470,2.149,1.431,1.538,3.240
190.6,0.503,0.450,2.272,1.479,1.654,3.197
196.1,0.496,0.462,2.160,1.462,1.513,3.344
195.7,0.551,0.471,2.183,1.415,1.459,3.222
210.0,0.621,0.472,2.054,1.231,1.296,3.357
200.1,0.555,0.470,2.134,1.322,1.464,3.309
215.6,0.549,0.459,2.100,1.169,1.520,3.120
212.8,0.589,0.464,2.082,1.269,1.441,3.402
206.1,0.496,0.473,2.118,1.267,1.618,3.246
226.7,0.655,0.471,1.871,1.331,1.389,3.271
202.4,0.531,0.447,2.139,1.309,1.450,3.213
213.0,0.542,0.462,2.121,1.346,1.487,3.369
197.0,0.546,0.473,2.249,1.328,1.591,3.255
191.9,0.477,0.482,2.145,1.417,1.704,3.197
215.3,0.639,0.468,2.021,1.153,1.302,3.143
224.4,0.592,0.463,2.010,1.281,1.361,3.186
206.9,0.724,0.490,1.857,1.274,1.312,3.362
211.0,0.575,0.474,2.130,1.282,1.476,3.216
206.1,0.537,0.468,2.007,1.278,1.496,3.130
214.3,0.566,0.450,2.105,1.262,1.389,3.182
219.4,0.629,0.480,1.913,1.239,1.422,3.253
191.7,0.515,0.449,2.145,1.351,1.519,3.122
206.3,0.642,0.475,2.034,1.260,1.338,3.247
190.3,0.474,0.444,2.272,1.331,1.624,3.226
206.0,0.554,0.468,2.229,1.416,1.503,3.208
196.5,0.570,0.463,2.018,1.367,1.539,3.151
220.0,0.575,0.446,1.972,1.299,1.496,3.041
203.7,0.550,0.467,2.177,1.318,1.415,3.271
202.6,0.550,0.457,2.272,1.403,1.448,3.153
205.8,0.604,0.462,2.089,1.240,1.473,3.319
203.8,0.620,0.453,2.013,1.228,1.520,3.122
219.5,0.528,0.446,2.022,1.304,1.540,3.138
202.5,0.526,0.453,2.166,1.241,1.683,3.259
205.9,0.626,0.470,2.039,1.288,1.267,3.282
218.0,0.556,0.450,1.953,1.347,1.421,3.103
200.9,0.583,0.457,2.094,1.295,1.426,3.189
208.4,0.677,0.452,1.895,1.220,1.500,3.193
220.1,0.625,0.448,1.929,1.216,1.334,3.149
206.8,0.506,0.484,2.271,1.318,1.494,3.313
230.4,0.683,0.477,1.943,1.233,1.349,3.374
235.6,0.667,0.476,1.964,1.271,1.183,3.402
225.9,0.740,0.467,2.095,1.078,1.295,3.178
199.6,0.577,0.481,2.113,1.339,1.465,3.310
193.6,0.538,0.444,2.163,1.414,1.612,3.309
203.6,0.563,0.459,2.136,1.393,1.458,3.266
197.4,0.531,0.454,2.141,1.397,1.597,3.100
200.5,0.500,0.477,2.235,1.367,1.571,3.414
199.3,0.550,0.469,2.124,1.393,1.450,3.319
219.2,0.540,0.467,2.202,1.342,1.396,3.364
224.0,0.491,0.468,2.097,1.379,1.567,3.186
191.3,0.501,0.480,2.374,1.480,1.528,3.333
214.1,0.607,0.452,2.018,1.267,1.419,3.181
216.2,0.499,0.475,2.257,1.311,1.474,3.229
233.3,0.726,0.471,1.927,1.057,1.451,3.166
197.2,0.594,0.462,1.990,1.421,1.478,3.137
200.2,0.524,0.485,2.178,1.345,1.535,3.305
212.9,0.549,0.451,2.022,1.228,1.540,3.273
214.1,0.607,0.472,2.110,1.282,1.470,3.154
202.7,0.576,0.462,2.053,1.343,1.540,3.225
205.8,0.492,0.455,2.230,1.390,1.529,3.116
198.6,0.499,0.462,2.145,1.374,1.562,3.310
186.4,0.580,0.477,2.015,1.325,1.570,3.178
198.4,0.507,0.483,2.189,1.355,1.614,3.179
215.2,0.538,0.473,2.126,1.332,1.475,3.303
203.2,0.559,0.468,2.042,1.317,1.568,3.292
200.6,0.580,0.479,2.155,1.354,1.472,3.180
206.2,0.572,0.483,2.103,1.272,1.478,3.318
204.3,0.541,0.467,2.236,1.364,1.489,3.196
216.7,0.506,0.460,2.192,1.297,1.637,3.233
204.8,0.467,0.467,2.205,1.268,1.742,3.246
203.4,0.511,0.468,2.159,1.402,1.469,3.316
206.3,0.586,0.464,2.073,1.396,1.433,3.229
193.8,0.520,0.450,2.229,1.377,1.511,3.172
194.4,0.557,0.487,2.105,1.360,1.593,3.391
188.8,0.584,0.475,2.044,1.280,1.478,3.291
215.4,0.671,0.471,1.922,1.259,1.318,3.197
200.7,0.512,0.440,2.265,1.286,1.614,3.184
193.8,0.563,0.455,2.160,1.321,1.453,3.270
211.1,0.551,0.452,1.951,1.233,1.450,3.180
212.3,0.575,0.454,2.041,1.196,1.409,3.210
208.8,0.510,0.469,2.213,1.423,1.546,3.209
213.6,0.626,0.467,2.063,1.356,1.303,3.233
194.9,0.537,0.477,2.103,1.401,1.560,3.230
188.9,0.520,0.457,2.302,1.510,1.521,3.205
205.0,0.663,0.482,1.951,1.233,1.300,3.239
201.3,0.459,0.453,2.239,1.390,1.656,3.220
227.3,0.487,0.451,2.046,1.307,1.537,3.189
196.7,0.529,0.453,2.055,1.334,1.517,3.323
206.4,0.523,0.461,2.135,1.260,1.522,3.228
214.4,0.499,0.465,2.274,1.258,1.570,3.176
204.6,0.521,0.452,2.109,1.363,1.551,3.102
186.2,0.536,0.459,2.308,1.443,1.413,3.205
208.6,0.610,0.458,1.981,1.211,1.357,3.267
204.4,0.471,0.466,2.275,1.251,1.662,3.304
207.0,0.509,0.469,2.145,1.333,1.534,3.324
217.4,0.507,0.443,2.124,1.364,1.567,3.175
203.8,0.526,0.486,2.194,1.371,1.553,3.262
196.2,0.555,0.459,2.245,1.311,1.603,3.177
203.4,0.586,0.472,2.026,1.259,1.486,3.282
234.4,0.595,0.450,2.224,1.333,1.408,3.069
208.7,0.542,0.451,2.136,1.370,1.489,3.172
213.1,0.562,0.462,2.102,1.205,1.390,3.235
198.8,0.570,0.454,2.166,1.302,1.426,3.164
198.0,0.552,0.480,2.134,1.325,1.491,3.203
213.1,0.581,0.475,2.119,1.342,1.453,3.398
203.0,0.538,0.465,2.032,1.179,1.574,3.338
209.7,0.612,0.462,2.095,1.255,1.452,3.137
205.2,0.581,0.458,2.058,1.342,1.414,3.191
216.5,0.571,0.474,2.018,1.383,1.526,3.359
198.9,0.568,0.468,2.168,1.420,1.497,3.317
215.2,0.533,0.460,2.100,1.397,1.400,3.238
219.3,0.660,0.472,1.910,1.255,1.439,3.263
203.5,0.555,0.487,2.138,1.317,1.546,3.336
210.2,0.541,0.479,2.235,1.242,1.532,3.157
218.3,0.580,0.447,2.168,1.447,1.508,3.322
207.8,0.633,0.459,2.000,1.251,1.402,3.368
220.8,0.608,0.450,1.956,1.229,1.354,3.174
200.1,0.588,0.471,2.023,1.406,1.442,3.221
187.2,0.607,0.466,2.117,1.242,1.446,3.244
207.6,0.569,0.470,1.952,1.350,1.469,3.257
201.1,0.523,0.459,2.284,1.374,1.554,3.243
196.3,0.477,0.473,2.296,1.475,1.604,3.194
202.7,0.499,0.475,2.168,1.493,1.571,3.307
207.0,0.560,0.486,2.344,1.178,1.575,3.308
205.4,0.623,0.458,2.013,1.221,1.441,3.082
201.5,0.567,0.468,2.001,1.185,1.538,3.300
199.0,0.612,0.467,2.141,1.305,1.312,3.192
214.6,0.511,0.463,2.076,1.409,1.508,3.303
192.2,0.565,0.477,2.041,1.308,1.451,3.148
213.3,0.636,0.471,1.991,1.192,1.480,3.163
211.4,0.637,0.440,1.945,1.253,1.423,3.245
207.9,0.575,0.471,2.004,1.275,1.405,3.244
196.3,0.571,0.485,2.028,1.297,1.491,3.221
202.4,0.457,0.470,2.339,1.341,1.704,3.254
226.1,0.687,0.475,2.051,1.244,1.352,3.157
212.6,0.555,0.464,2.119,1.381,1.562,3.166
192.2,0.617,0.475,2.109,1.407,1.517,3.205
203.2,0.533,0.453,2.056,1.352,1.416,3.106
203.2,0.577,0.459,2.002,1.257,1.360,3.260
191.5,0.519,0.481,2.330,1.373,1.595,3.319
217.7,0.618,0.464,2.056,1.378,1.420,3.210
206.7,0.586,0.459,1.995,1.259,1.537,3.244
202.5,0.495,0.469,2.349,1.272,1.586,3.373
203.8,0.561,0.476,2.077,1.352,1.451,3.242
199.0,0.469,0.463,2.391,1.364,1.456,3.095
210.1,0.593,0.440,2.105,1.324,1.416,3.101
204.6,0.659,0.466,2.054,1.391,1.298,3.270
201.7,0.475,0.462,2.209,1.315,1.624,3.200
217.1,0.539,0.478,2.114,1.261,1.323,3.238
205.4,0.533,0.466,2.307,1.474,1.474,3.211
194.1,0.568,0.453,2.140,1.161,1.605,3.258
210.6,0.551,0.459,2.074,1.244,1.471,3.213
218.9,0.567,0.473,2.196,1.246,1.426,3.112
197.2,0.477,0.469,2.185,1.267,1.670,3.337
210.8,0.557,0.449,2.151,1.254,1.371,3.203
220.1,0.677,0.484,1.937,1.165,1.409,3.366
196.4,0.547,0.470,2.127,1.181,1.602,3.230
217.5,0.505,0.453,2.135,1.290,1.519,3.300
203.0,0.512,0.460,2.103,1.345,1.657,3.274
213.5,0.567,0.449,2.234,1.286,1.401,3.149
199.1,0.556,0.477,2.093,1.317,1.574,3.264
206.5,0.516,0.446,2.210,1.311,1.587,3.142
220.4,0.650,0.457,1.984,1.301,1.461,3.338
200.5,0.558,0.475,2.204,1.279,1.457,3.240
197.2,0.537,0.481,2.108,1.273,1.388,3.333
207.7,0.591,0.461,2.153,1.300,1.347,3.143
212.5,0.533,0.476,1.999,1.275,1.559,3.329
202.0,0.555,0.467,2.146,1.319,1.451,3.106
197.1,0.499,0.428,2.146,1.419,1.644,2.967
203.1,0.586,0.474,2.072,1.295,1.520,3.285
207.2,0.622,0.478,2.019,1.296,1.458,3.320
214.7,0.668,0.490,1.997,1.229,1.306,3.304
198.5,0.598,0.472,2.074,1.251,1.500,3.247
218.2,0.520,0.445,2.196,1.291,1.396,3.293
221.6,0.681,0.466,1.952,1.202,1.488,3.285
196.6,0.474,0.460,2.314,1.499,1.628,3.093
196.3,0.534,0.483,2.219,1.294,1.597,3.324
197.7,0.518,0.466,2.253,1.306,1.643,3.236
208.0,0.578,0.479,2.058,1.338,1.530,3.261
205.0,0.589,0.471,1.913,1.249,1.486,3.232
209.7,0.663,0.468,2.036,1.274,1.342,3.232
203.2,0.535,0.465,2.007,1.221,1.665,3.271
207.1,0.531,0.485,2.132,1.247,1.580,3.473
204.5,0.498,0.484,2.200,1.310,1.561,3.297
219.3,0.532,0.478,2.082,1.296,1.458,3.347
217.4,0.562,0.468,2.084,1.286,1.452,3.185
217.8,0.521,0.460,2.131,1.269,1.551,3.205
204.9,0.565,0.469,2.022,1.326,1.501,3.039
210.1,0.536,0.495,2.087,1.371,1.459,3.389
202.2,0.523,0.449,2.229,1.347,1.554,3.102
196.1,0.501,0.472,2.168,1.461,1.530,3.313
211.6,0.618,0.463,1.974,1.194,1.453,3.111
181.1,0.515,0.477,2.286,1.352,1.588,3.227
202.6,0.547,0.473,2.124,1.331,1.471,3.270
199.0,0.543,0.463,2.060,1.275,1.555,3.226
202.2,0.518,0.450,2.161,1.284,1.564,3.077
209.7,0.507,0.468,2.013,1.330,1.548,3.334
197.9,0.661,0.493,1.978,1.299,1.459,3.273
218.1,0.558,0.464,1.957,1.363,1.428,3.173
196.4,0.598,0.476,2.184,1.280,1.476,3.279
212.4,0.521,0.459,2.209,1.461,1.510,3.288
206.5,0.626,0.477,2.009,1.198,1.369,3.236
201.6,0.536,0.464,2.121,1.345,1.551,3.203
199.5,0.514,0.477,2.049,1.286,1.537,3.443
197.2,0.532,0.468,2.243,1.329,1.543,3.080
206.6,0.573,0.464,2.108,1.278,1.419,3.063
220.0,0.630,0.477,1.904,1.310,1.375,3.098
211.3,0.531,0.484,2.282,1.350,1.390,3.287
208.8,0.462,0.481,2.301,1.354,1.656,3.269
193.6,0.550,0.471,2.190,1.372,1.467,3.167
204.6,0.683,0.479,2.033,1.307,1.361,3.281
208.4,0.474,0.473,2.309,1.262,1.620,3.466
205.7,0.527,0.472,2.295,1.318,1.519,3.257
206.1,0.525,0.462,2.121,1.278,1.596,3.197
201.6,0.508,0.463,2.436,1.523,1.500,3.231
198.4,0.503,0.466,2.205,1.258,1.592,3.274
210.2,0.599,0.465,1.997,1.497,1.496,3.246
211.0,0.529,0.474,2.227,1.359,1.519,3.292
213.3,0.502,0.460,2.178,1.380,1.533,3.189
220.9,0.629,0.441,2.163,1.246,1.359,3.001
198.4,0.562,0.472,2.156,1.398,1.503,3.238
219.8,0.599,0.463,2.110,1.266,1.397,3.080
211.3,0.552,0.457,2.190,1.390,1.459,3.039
188.9,0.504,0.467,2.243,1.466,1.595,3.223
196.8,0.499,0.454,2.237,1.389,1.680,3.212
214.1,0.636,0.470,2.133,1.196,1.339,3.295
197.2,0.497,0.474,2.220,1.364,1.567,3.319
202.7,0.486,0.473,2.378,1.421,1.550,3.201
193.7,0.474,0.477,2.367,1.424,1.577,3.253
223.6,0.539,0.448,2.171,1.417,1.426,3.258
184.2,0.520,0.493,2.244,1.406,1.524,3.368
201.2,0.593,0.457,1.959,1.265,1.432,3.141
228.5,0.672,0.479,2.006,1.215,1.323,3.201
210.2,0.503,0.464,2.441,1.412,1.566,3.217
191.3,0.507,0.475,2.324,1.332,1.511,3.184
201.4,0.540,0.474,2.209,1.298,1.411,3.221
191.5,0.564,0.463,2.089,1.324,1.585,3.248
200.3,0.576,0.461,2.117,1.314,1.412,3.198
203.5,0.586,0.465,2.100,1.413,1.456,3.181
205.2,0.527,0.466,2.298,1.508,1.552,3.265
219.4,0.685,0.467,1.965,1.340,1.343,3.056
207.5,0.587,0.475,2.115,1.252,1.577,3.231
195.4,0.516,0.445,2.117,1.398,1.571,3.284
210.9,0.575,0.451,2.076,1.361,1.349,3.120
221.8,0.821,0.492,1.875,1.070,1.360,3.273
216.6,0.610,0.467,2.068,1.305,1.353,3.246
221.2,0.593,0.465,1.951,1.319,1.434,3.326
226.1,0.620,0.443,2.001,1.205,1.245,3.155
202.5,0.501,0.467,2.072,1.361,1.563,3.238
210.9,0.637,0.417,2.111,1.125,1.307,2.954
209.1,0.530,0.456,2.154,1.313,1.581,3.231
204.4,0.549,0.476,2.232,1.362,1.504,3.179
205.9,0.700,0.454,2.026,1.319,1.391,3.145
196.8,0.599,0.466,2.006,1.336,1.278,3.099
200.5,0.577,0.492,2.094,1.302,1.556,3.300
197.4,0.570,0.488,2.112,1.301,1.550,3.219
202.5,0.562,0.443,2.027,1.336,1.430,3.035
202.6,0.496,0.475,2.249,1.447,1.613,3.327
210.9,0.597,0.467,2.144,1.410,1.488,3.278
206.2,0.432,0.442,2.374,1.474,1.694,3.097
198.8,0.509,0.467,2.220,1.458,1.550,3.184
223.0,0.583,0.462,1.973,1.373,1.452,3.268
239.1,0.718,0.471,2.021,1.136,1.414,3.111
198.5,0.545,0.468,2.120,1.331,1.486,3.410
195.3,0.519,0.474,2.150,1.389,1.550,3.340
203.3,0.561,0.458,2.097,1.362,1.491,3.295
214.9,0.640,0.458,1.903,1.189,1.325,3.139
214.3,0.509,0.456,2.153,1.251,1.479,3.128
204.7,0.564,0.465,2.099,1.298,1.469,3.296
203.9,0.556,0.464,2.091,1.271,1.566,3.219
207.1,0.582,0.478,2.140,1.306,1.529,3.133
202.2,0.490,0.468,2.366,1.484,1.661,3.244
195.4,0.613,0.474,2.025,1.347,1.506,3.130
214.3,0.664,0.479,2.046,1.246,1.408,3.246
197.6,0.528,0.468,2.128,1.267,1.652,3.260
202.5,0.588,0.457,1.935,1.242,1.407,3.264
202.2,0.523,0.473,2.144,1.393,1.622,3.120
205.6,0.590,0.472,2.039,1.195,1.450,3.284
201.2,0.531,0.458,2.135,1.339,1.569,3.282
210.2,0.487,0.461,2.153,1.304,1.645,3.113
207.9,0.488,0.462,2.173,1.414,1.535,3.286
209.1,0.499,0.459,2.139,1.390,1.623,3.079
209.1,0.603,0.476,2.031,1.391,1.443,3.246
211.1,0.510,0.485,2.246,1.383,1.527,3.268
210.2,0.533,0.457,2.175,1.305,1.480,3.131
212.2,0.630,0.484,2.006,1.281,1.359,3.210
205.8,0.461,0.508,2.274,1.342,1.652,3.443
194.4,0.463,0.465,2.231,1.422,1.779,3.252
211.8,0.567,0.452,2.047,1.367,1.484,3.280
202.4,0.524,0.457,2.032,1.333,1.551,3.308
197.4,0.567,0.462,2.176,1.296,1.574,3.197
203.1,0.511,0.465,2.325,1.338,1.525,3.276
198.5,0.549,0.446,2.106,1.370,1.567,3.141
209.6,0.609,0.447,2.067,1.297,1.339,3.173
197.4,0.501,0.463,2.205,1.412,1.615,3.208
200.3,0.504,0.463,2.074,1.257,1.617,3.248
197.9,0.529,0.455,2.064,1.446,1.626,3.097
211.0,0.600,0.467,2.117,1.270,1.386,3.244
198.3,0.541,0.472,2.153,1.309,1.623,3.281
210.9,0.633,0.465,1.932,1.171,1.447,3.178
184.8,0.536,0.468,2.098,1.261,1.613,3.288
200.3,0.521,0.466,2.065,1.314,1.610,3.245
203.3,0.513,0.482,2.259,1.320,1.597,3.285
206.2,0.563,0.483,2.095,1.227,1.450,3.277
198.8,0.492,0.456,2.271,1.481,1.601,3.112
192.3,0.533,0.477,2.204,1.332,1.456,3.256
216.7,0.655,0.454,1.982,1.119,1.412,3.105
197.7,0.465,0.481,2.361,1.322,1.734,3.362
206.0,0.549,0.468,2.302,1.356,1.449,3.333
214.9,0.551,0.477,2.084,1.297,1.429,3.253
174.5,0.498,0.489,2.169,1.427,1.591,3.356
203.5,0.518,0.464,2.270,1.350,1.485,3.260
200.7,0.547,0.470,2.196,1.386,1.499,3.295
210.2,0.579,0.470,2.112,1.150,1.419,3.246
199.6,0.489,0.478,2.173,1.396,1.555,3.340
206.8,0.491,0.455,2.222,1.343,1.619,3.272
202.6,0.497,0.472,2.316,1.350,1.663,3.252
226.4,0.573,0.468,1.955,1.317,1.476,3.285
211.5,0.513,0.468,2.089,1.239,1.547,3.231
211.7,0.540,0.471,2.049,1.276,1.383,3.333
232.8,0.774,0.495,1.892,1.155,1.147,3.106
226.8,0.576,0.449,1.985,1.162,1.371,3.131
200.8,0.568,0.463,2.116,1.241,1.488,3.076
213.9,0.605,0.461,2.078,1.197,1.447,3.215
211.4,0.592,0.471,1.877,1.407,1.429,3.259
234.4,0.768,0.492,1.976,1.161,1.261,3.288
203.2,0.500,0.477,2.184,1.319,1.622,3.149
198.0,0.506,0.490,2.219,1.348,1.597,3.337
202.5,0.561,0.469,2.049,1.368,1.562,3.290
202.3,0.539,0.464,2.123,1.303,1.485,3.336
239.3,0.704,0.456,2.071,1.150,1.481,3.165
192.4,0.595,0.457,1.982,1.219,1.511,3.161
205.7,0.478,0.447,2.034,1.315,1.584,3.046
207.1,0.515,0.446,2.126,1.389,1.529,3.184
204.7,0.555,0.465,2.027,1.313,1.607,3.403
216.7,0.564,0.461,2.098,1.241,1.389,3.219
200.7,0.589,0.460,2.200,1.289,1.534,3.424
201.7,0.622,0.447,2.086,1.254,1.311,2.981
203.0,0.517,0.483,2.066,1.411,1.555,3.320
213.1,0.604,0.452,2.090,1.285,1.468,3.171
211.4,0.512,0.456,2.293,1.254,1.468,3.122
204.4,0.596,0.477,2.134,1.259,1.517,3.363
207.6,0.607,0.461,2.074,1.318,1.356,3.278
204.8,0.551,0.476,2.156,1.272,1.494,3.286
237.3,0.886,0.463,1.978,0.966,1.247,3.040
222.9,0.648,0.482,1.953,1.205,1.366,3.357
218.6,0.638,0.456,2.174,1.353,1.361,3.248
214.7,0.663,0.468,1.976,1.161,1.427,3.272
205.3,0.580,0.472,2.031,1.291,1.406,3.395
198.8,0.533,0.469,2.107,1.382,1.635,3.172
212.3,0.504,0.466,2.156,1.272,1.570,3.243
191.3,0.546,0.475,2.010,1.330,1.401,3.300
208.5,0.539,0.470,2.208,1.222,1.445,3.221
199.4,0.611,0.487,2.054,1.232,1.414,3.440
207.4,0.534,0.448,2.067,1.367,1.402,3.152
230.3,0.529,0.458,1.962,1.239,1.468,3.342
226.3,0.522,0.464,2.042,1.153,1.446,3.230
201.6,0.559,0.478,2.231,1.369,1.394,3.398
203.2,0.520,0.453,2.110,1.375,1.534,3.221
209.1,0.497,0.473,2.374,1.352,1.587,3.173
218.1,0.596,0.454,2.042,1.339,1.351,3.074
199.3,0.570,0.479,2.167,1.355,1.561,3.342
210.2,0.568,0.456,2.060,1.302,1.492,3.172
216.3,0.676,0.465,1.892,1.223,1.404,3.085
211.7,0.661,0.465,1.889,1.283,1.311,3.207
217.6,0.654,0.450,1.995,1.289,1.316,3.100
223.2,0.646,0.470,1.903,1.258,1.337,3.222
197.9,0.508,0.463,2.194,1.385,1.527,3.298
217.0,0.545,0.456,2.169,1.257,1.518,3.343
202.8,0.592,0.458,1.948,1.199,1.429,3.225
195.3,0.594,0.474,1.995,1.275,1.529,3.320
222.6,0.482,0.450,2.132,1.328,1.604,3.298
196.6,0.545,0.460,2.159,1.286,1.694,3.207
235.1,0.649,0.464,1.868,1.274,1.356,3.259
203.8,0.561,0.454,2.113,1.366,1.443,3.135
208.8,0.573,0.458,2.184,1.320,1.412,3.373
210.4,0.520,0.449,2.235,1.406,1.408,3.158
232.8,0.669,0.474,1.967,1.174,1.432,3.262
196.9,0.543,0.457,2.066,1.408,1.545,3.228
205.3,0.529,0.456,2.208,1.373,1.626,3.359
198.3,0.563,0.458,2.220,1.206,1.427,3.231
209.7,0.566,0.478,1.963,1.163,1.506,3.309
191.8,0.599,0.454,2.025,1.326,1.495,3.291
194.7,0.592,0.473,2.032,1.333,1.559,3.337
215.4,0.552,0.441,2.054,1.301,1.430,3.150
232.9,0.678,0.471,1.943,1.208,1.264,3.384
207.5,0.623,0.485,1.896,1.269,1.299,3.300
204.7,0.587,0.486,2.049,1.325,1.406,3.246
178.8,0.498,0.484,2.312,1.366,1.696,3.195
214.4,0.500,0.460,2.181,1.231,1.502,3.206
213.4,0.571,0.460,2.013,1.207,1.508,3.338
197.6,0.536,0.463,2.162,1.368,1.515,3.190
207.4,0.585,0.491,2.017,1.268,1.391,3.320
210.3,0.564,0.466,2.049,1.309,1.528,3.226
222.8,0.635,0.477,2.037,1.391,1.309,3.225
206.8,0.587,0.447,2.052,1.330,1.438,3.081
209.9,0.614,0.478,2.083,1.220,1.413,3.302
211.9,0.516,0.463,2.198,1.287,1.508,3.262
218.5,0.506,0.450,2.282,1.330,1.477,3.224
222.1,0.688,0.479,1.908,1.305,1.227,3.283
200.6,0.592,0.464,2.072,1.361,1.523,3.167
216.8,0.635,0.477,2.008,1.239,1.517,3.225
220.7,0.539,0.458,2.141,1.281,1.524,3.295
205.0,0.572,0.458,2.071,1.402,1.482,3.150
203.8,0.477,0.465,2.234,1.443,1.641,3.222
207.6,0.594,0.465,2.013,1.278,1.369,3.200
211.7,0.568,0.461,2.058,1.304,1.455,3.256
211.0,0.573,0.464,2.014,1.328,1.462,3.446
209.8,0.574,0.465,1.897,1.263,1.552,3.154
196.8,0.540,0.472,2.157,1.276,1.580,3.311
190.5,0.482,0.470,2.278,1.420,1.563,3.207
220.2,0.645,0.481,2.001,1.117,1.339,3.366
205.9,0.539,0.476,2.048,1.272,1.382,3.231
205.8,0.570,0.466,2.071,1.200,1.558,3.224
202.1,0.504,0.461,2.176,1.380,1.543,3.217
208.1,0.623,0.465,1.970,1.322,1.405,3.180
206.9,0.694,0.478,1.960,1.211,1.404,3.239
214.1,0.574,0.465,2.032,1.264,1.449,3.238
202.3,0.589,0.485,1.982,1.261,1.533,3.191
188.8,0.499,0.485,2.112,1.407,1.672,3.306
206.7,0.545,0.473,2.068,1.375,1.538,3.364
196.3,0.556,0.480,2.265,1.379,1.399,3.476
208.4,0.552,0.476,1.985,1.316,1.596,3.234
199.9,0.563,0.469,2.076,1.305,1.528,3.225
210.6,0.506,0.454,2.168,1.442,1.597,3.204
190.6,0.501,0.453,2.236,1.306,1.695,3.188
206.9,0.517,0.458,2.048,1.281,1.501,3.274
203.0,0.532,0.447,2.169,1.464,1.543,3.247
220.1,0.474,0.456,2.136,1.341,1.519,3.256
196.0,0.513,0.468,2.113,1.518,1.612,3.429
220.1,0.700,0.473,1.990,1.278,1.226,3.265
214.4,0.602,0.469,2.029,1.264,1.481,3.214
212.9,0.534,0.489,2.232,1.325,1.577,3.372
192.2,0.545,0.467,2.363,1.459,1.522,3.219
222.4,0.578,0.460,2.055,1.230,1.484,3.232
204.7,0.576,0.469,2.164,1.381,1.457,3.239
208.6,0.564,0.451,2.062,1.408,1.356,3.151
211.5,0.613,0.470,1.978,1.239,1.321,3.277
225.1,0.514,0.457,2.202,1.349,1.542,3.145
192.7,0.538,0.500,2.166,1.348,1.483,3.466
197.0,0.574,0.490,2.025,1.396,1.533,3.242
215.7,0.588,0.463,1.985,1.400,1.461,3.133
191.2,0.613,0.487,2.281,1.381,1.475,3.367
201.0,0.458,0.479,2.314,1.417,1.551,3.403
214.9,0.569,0.465,2.169,1.305,1.401,3.223
198.5,0.496,0.468,2.364,1.500,1.524,3.200
225.3,0.623,0.457,2.023,1.391,1.271,3.181
203.7,0.598,0.465,1.901,1.187,1.469,3.124
222.0,0.511,0.467,2.297,1.309,1.534,3.453
212.1,0.545,0.456,2.203,1.330,1.435,3.269
218.5,0.585,0.485,2.078,1.279,1.385,3.305
221.1,0.621,0.466,1.958,1.266,1.326,3.310
199.2,0.500,0.471,2.169,1.378,1.543,3.300
215.7,0.577,0.489,2.044,1.240,1.452,3.348
215.3,0.685,0.477,1.981,1.095,1.393,3.439
219.2,0.560,0.470,2.014,1.323,1.553,3.283
197.1,0.584,0.474,2.072,1.382,1.521,3.364
182.5,0.503,0.481,2.275,1.417,1.687,3.356
201.4,0.694,0.488,1.983,1.177,1.375,3.206
195.9,0.567,0.487,2.129,1.354,1.463,3.270
209.2,0.491,0.478,2.220,1.389,1.502,3.293
199.6,0.572,0.491,2.159,1.415,1.377,3.363
191.5,0.559,0.470,2.123,1.307,1.503,3.291
201.3,0.548,0.500,2.188,1.171,1.458,3.451
204.3,0.670,0.479,2.107,1.275,1.436,3.123
201.7,0.643,0.476,1.988,1.330,1.492,3.231
188.5,0.515,0.494,2.242,1.501,1.501,3.388
203.0,0.465,0.461,2.234,1.358,1.660,3.324
195.2,0.492,0.477,2.245,1.511,1.702,3.301
190.8,0.527,0.473,2.151,1.462,1.566,3.206
197.7,0.467,0.498,2.262,1.490,1.555,3.220
190.7,0.480,0.493,2.208,1.447,1.668,3.538
198.4,0.545,0.469,1.976,1.359,1.640,3.215
199.9,0.546,0.508,2.047,1.453,1.522,3.279
195.2,0.481,0.473,2.162,1.409,1.467,3.230
191.9,0.490,0.481,2.135,1.468,1.724,3.400
192.0,0.436,0.471,2.220,1.452,1.722,3.179
202.0,0.575,0.474,2.107,1.345,1.496,3.200
181.6,0.479,0.489,2.423,1.486,1.693,3.314
196.2,0.528,0.467,2.250,1.359,1.549,3.419
227.5,0.483,0.440,2.023,1.402,1.518,3.128
195.1,0.596,0.493,1.985,1.358,1.435,3.402
190.3,0.589,0.461,2.054,1.185,1.499,3.271
211.6,0.489,0.480,2.188,1.319,1.662,3.298
210.0,0.572,0.473,2.199,1.462,1.505,3.287
190.8,0.454,0.471,2.215,1.603,1.673,3.255
199.6,0.523,0.462,2.189,1.544,1.493,3.317
198.2,0.511,0.469,2.152,1.189,1.566,3.184
207.3,0.631,0.462,1.990,1.207,1.508,3.274
204.3,0.473,0.468,2.288,1.312,1.590,3.156
236.2,0.867,0.477,1.791,1.083,1.163,3.305
195.8,0.574,0.483,2.045,1.350,1.536,3.338
200.5,0.445,0.476,2.253,1.251,1.667,3.257
195.4,0.554,0.478,2.126,1.435,1.482,3.207
198.2,0.538,0.491,2.158,1.334,1.476,3.325
208.4,0.711,0.473,1.939,1.215,1.380,3.343
187.7,0.537,0.472,2.184,1.558,1.463,3.313
193.9,0.536,0.494,2.167,1.314,1.557,3.273
201.1,0.549,0.466,2.154,1.431,1.439,3.136
189.6,0.531,0.492,2.098,1.346,1.556,3.402
192.8,0.566,0.478,2.071,1.356,1.341,3.232
196.6,0.562,0.493,2.084,1.399,1.444,3.392
198.6,0.521,0.487,2.171,1.345,1.603,3.243
197.3,0.475,0.486,2.210,1.424,1.682,3.271
193.5,0.529,0.479,2.178,1.313,1.467,3.209
199.3,0.576,0.483,2.100,1.287,1.479,3.161
210.8,0.727,0.497,1.864,1.213,1.286,3.296
197.9,0.614,0.475,2.116,1.323,1.396,3.186
189.7,0.547,0.484,2.033,1.286,1.556,3.368
201.2,0.532,0.482,2.166,1.367,1.586,3.243
194.4,0.626,0.477,2.002,1.374,1.468,3.313
188.1,0.581,0.467,2.069,1.406,1.498,3.257
186.0,0.584,0.465,2.150,1.292,1.567,3.205
198.3,0.548,0.467,2.168,1.380,1.435,3.241
213.3,0.581,0.467,2.087,1.257,1.350,3.323
191.6,0.578,0.494,2.230,1.259,1.503,3.288
188.4,0.509,0.478,2.146,1.365,1.631,3.360
208.1,0.566,0.490,2.057,1.364,1.412,3.365
192.0,0.552,0.487,2.067,1.342,1.483,3.386
229.2,0.660,0.457,2.054,1.222,1.366,3.170
217.0,0.627,0.455,2.067,1.263,1.430,3.170
204.3,0.555,0.466,2.234,1.422,1.455,3.068
192.6,0.595,0.439,1.969,1.419,1.576,3.166
196.9,0.524,0.463,2.240,1.289,1.475,3.112
210.0,0.544,0.443,2.067,1.391,1.390,3.098
225.8,0.721,0.497,1.919,1.179,1.506,3.394
203.8,0.530,0.443,2.251,1.311,1.531,3.025
207.8,0.513,0.452,2.212,1.352,1.490,3.332
200.1,0.492,0.440,2.328,1.453,1.601,3.194
201.7,0.504,0.451,2.175,1.426,1.644,3.184
198.3,0.527,0.464,2.221,1.516,1.550,3.184
216.7,0.654,0.454,1.986,1.253,1.289,3.101
204.9,0.615,0.463,1.877,1.353,1.518,3.021
201.2,0.498,0.458,2.173,1.496,1.534,3.239
207.7,0.614,0.469,2.038,1.326,1.494,3.450
187.0,0.507,0.471,2.106,1.360,1.588,3.337
205.9,0.612,0.470,1.898,1.527,1.445,3.120
214.3,0.624,0.443,1.951,1.368,1.311,3.149
219.4,0.556,0.446,2.157,1.323,1.436,3.060
206.8,0.521,0.454,2.169,1.398,1.506,3.216
201.2,0.510,0.458,2.135,1.397,1.549,3.341
194.6,0.498,0.450,2.258,1.474,1.559,3.067
215.6,0.554,0.468,2.141,1.385,1.366,3.310
198.6,0.552,0.430,2.142,1.493,1.494,3.076
195.1,0.590,0.458,2.036,1.264,1.392,3.233
244.3,0.764,0.470,2.002,1.144,1.345,3.281
204.4,0.630,0.464,2.058,1.361,1.443,3.223
184.5,0.491,0.466,2.242,1.492,1.757,3.145
196.8,0.485,0.445,2.421,1.429,1.591,3.230
201.3,0.502,0.451,2.098,1.435,1.571,3.119
199.9,0.484,0.429,2.230,1.417,1.534,2.981
187.3,0.467,0.458,2.267,1.484,1.729,3.223
198.4,0.509,0.488,2.290,1.446,1.606,3.587
216.8,0.577,0.463,2.132,1.320,1.435,3.247
209.9,0.460,0.469,2.377,1.353,1.634,3.239
212.9,0.560,0.478,2.118,1.332,1.439,3.383
246.0,0.703,0.484,2.045,1.114,1.439,3.209
209.3,0.561,0.467,2.160,1.331,1.474,3.393
224.6,0.628,0.476,1.883,1.334,1.371,3.352
210.5,0.464,0.451,2.207,1.318,1.646,3.187
202.7,0.623,0.465,2.065,1.344,1.496,3.378
192.4,0.512,0.467,2.252,1.404,1.685,3.294
225.7,0.637,0.448,2.017,1.341,1.251,3.177
202.7,0.543,0.479,2.110,1.323,1.486,3.279
206.4,0.531,0.467,2.107,1.449,1.492,3.330
213.7,0.515,0.465,2.086,1.387,1.540,3.112
195.9,0.547,0.465,2.145,1.448,1.536,3.268
201.9,0.606,0.478,2.060,1.286,1.455,3.448
209.4,0.599,0.454,2.142,1.409,1.412,3.263
216.6,0.441,0.463,2.253,1.404,1.632,3.322
206.7,0.594,0.483,2.044,1.406,1.381,3.446
211.2,0.574,0.484,1.971,1.435,1.415,3.179
203.6,0.501,0.466,2.259,1.393,1.537,3.366
191.8,0.506,0.483,2.313,1.505,1.604,3.301
195.8,0.578,0.467,2.172,1.253,1.411,3.408
211.5,0.505,0.467,2.299,1.506,1.377,3.234
207.3,0.606,0.464,1.982,1.378,1.402,3.202
198.7,0.484,0.462,2.229,1.480,1.575,3.159
214.8,0.493,0.476,2.084,1.398,1.532,3.404
227.6,0.478,0.448,2.270,1.418,1.586,3.245
196.4,0.483,0.476,2.247,1.389,1.654,3.423
205.5,0.588,0.488,2.110,1.292,1.446,3.370
204.7,0.505,0.470,2.141,1.367,1.607,3.284
229.4,0.782,0.458,1.945,1.158,1.288,3.203
208.2,0.598,0.476,1.987,1.362,1.526,3.395
220.2,0.705,0.489,1.882,1.214,1.419,3.363
215.4,0.607,0.463,2.056,1.289,1.336,3.218
193.0,0.489,0.464,2.259,1.412,1.596,3.266
227.4,0.656,0.450,1.967,1.179,1.305,3.209
213.0,0.624,0.462,1.999,1.380,1.286,3.153
215.7,0.692,0.485,1.903,1.196,1.228,3.308
222.7,0.633,0.471,1.873,1.195,1.231,3.356
210.4,0.469,0.463,2.298,1.466,1.522,3.214
213.1,0.551,0.467,2.194,1.483,1.515,3.298
210.0,0.587,0.483,2.036,1.366,1.404,3.335
214.8,0.645,0.435,1.977,1.212,1.277,3.089
209.1,0.782,0.473,1.894,1.296,1.202,3.080
193.0,0.533,0.453,2.212,1.347,1.648,3.109
221.8,0.530,0.456,2.170,1.557,1.336,3.056
207.0,0.583,0.448,2.052,1.437,1.465,3.177
225.1,0.505,0.460,2.087,1.395,1.501,3.260
202.4,0.534,0.450,2.229,1.366,1.541,3.381
206.3,0.534,0.462,2.221,1.268,1.616,3.274
187.0,0.533,0.487,2.250,1.446,1.592,3.457
216.8,0.495,0.458,2.136,1.498,1.510,3.268
197.3,0.513,0.473,2.197,1.458,1.612,3.307
198.6,0.506,0.453,2.326,1.482,1.492,3.244
207.3,0.609,0.482,2.033,1.344,1.331,3.426
215.2,0.614,0.462,1.952,1.370,1.488,3.196
199.7,0.523,0.450,2.145,1.482,1.418,3.151
215.2,0.617,0.452,2.024,1.311,1.402,3.070
193.3,0.627,0.485,2.029,1.328,1.490,3.364
195.2,0.534,0.452,2.164,1.495,1.437,3.160
204.1,0.531,0.483,2.209,1.411,1.489,3.363
201.6,0.477,0.478,2.184,1.552,1.652,3.307
197.5,0.569,0.471,2.092,1.468,1.447,3.195
228.0,0.520,0.457,2.365,1.431,1.418,3.036
223.5,0.547,0.452,2.165,1.433,1.325,3.146
187.1,0.464,0.483,2.499,1.362,1.700,3.195
213.7,0.525,0.464,2.097,1.317,1.398,3.196
192.3,0.498,0.476,2.241,1.474,1.601,3.238
205.4,0.456,0.449,2.329,1.537,1.528,2.993
211.6,0.536,0.455,2.186,1.304,1.464,3.320
196.8,0.563,0.467,2.163,1.196,1.540,3.193
213.0,0.618,0.501,1.928,1.287,1.515,3.336
199.4,0.478,0.467,2.265,1.399,1.607,3.229
197.0,0.528,0.473,2.142,1.301,1.534,3.269
199.0,0.521,0.466,2.132,1.285,1.492,3.202
198.5,0.493,0.458,2.175,1.303,1.607,3.271
201.6,0.569,0.457,1.997,1.307,1.459,3.149
194.7,0.510,0.487,2.311,1.423,1.495,3.422
194.1,0.587,0.462,2.055,1.408,1.442,3.129
197.3,0.582,0.459,2.170,1.412,1.499,3.042
206.7,0.550,0.474,1.990,1.268,1.443,3.281
189.3,0.540,0.466,2.229,1.420,1.570,3.241
208.6,0.505,0.455,2.161,1.457,1.492,3.286
201.7,0.518,0.483,2.289,1.241,1.473,3.301
204.3,0.530,0.486,2.185,1.350,1.467,3.304
210.8,0.566,0.479,2.182,1.298,1.396,3.214
194.1,0.573,0.463,2.118,1.263,1.454,3.118
201.9,0.499,0.449,2.173,1.394,1.647,3.172
190.6,0.495,0.457,2.281,1.395,1.507,3.218
213.6,0.599,0.451,1.941,1.193,1.494,3.175
203.0,0.591,0.456,2.091,1.235,1.532,3.373
200.1,0.580,0.455,2.038,1.510,1.430,3.237
191.3,0.563,0.461,2.190,1.358,1.529,3.319
201.6,0.542,0.471,2.170,1.342,1.538,3.371
196.5,0.550,0.461,2.065,1.270,1.508,3.094
218.0,0.582,0.461,2.056,1.251,1.488,3.249
194.0,0.627,0.475,2.020,1.310,1.341,3.237
192.3,0.506,0.465,2.323,1.564,1.564,3.206
192.1,0.510,0.463,2.236,1.374,1.624,3.175
205.4,0.588,0.465,2.197,1.367,1.405,3.212
203.6,0.572,0.456,2.144,1.321,1.458,3.303
188.6,0.541,0.473,2.212,1.380,1.523,3.153
183.0,0.474,0.466,2.151,1.370,1.675,3.344
185.0,0.538,0.460,2.134,1.401,1.515,3.237
201.0,0.484,0.457,2.230,1.469,1.494,3.198
197.0,0.534,0.446,2.079,1.314,1.653,3.297
199.1,0.533,0.467,2.101,1.314,1.529,3.149
193.9,0.499,0.479,2.172,1.304,1.644,3.271
204.8,0.477,0.453,2.238,1.391,1.518,3.147
191.5,0.501,0.483,2.103,1.261,1.576,3.411
206.9,0.628,0.438,2.127,1.328,1.427,3.100
204.4,0.616,0.469,2.042,1.358,1.411,3.215
196.2,0.488,0.464,2.253,1.383,1.580,3.186
200.3,0.476,0.454,2.055,1.410,1.610,3.151
196.2,0.594,0.469,2.135,1.284,1.403,3.189
186.4,0.485,0.464,2.251,1.343,1.607,3.111
214.9,0.530,0.478,2.030,1.321,1.545,3.314
186.4,0.486,0.464,2.294,1.376,1.615,3.233
205.3,0.622,0.467,1.906,1.237,1.400,3.248
201.3,0.565,0.458,2.038,1.451,1.440,3.199
198.6,0.475,0.474,2.198,1.387,1.567,3.357
203.3,0.544,0.466,2.200,1.364,1.456,3.105
202.1,0.602,0.468,2.061,1.305,1.396,3.227
202.0,0.466,0.452,2.163,1.381,1.634,3.181
197.9,0.480,0.461,2.262,1.397,1.571,3.304
193.5,0.503,0.452,2.237,1.556,1.542,3.271
206.1,0.558,0.468,2.100,1.234,1.451,3.214
203.1,0.562,0.474,2.139,1.356,1.497,3.438
186.7,0.497,0.474,2.233,1.471,1.602,3.268
206.5,0.561,0.454,2.038,1.345,1.435,3.257
194.3,0.524,0.472,2.114,1.489,1.449,3.192
203.2,0.443,0.446,2.318,1.411,1.564,3.241
194.6,0.461,0.482,2.264,1.361,1.702,3.207
194.1,0.523,0.464,2.238,1.417,1.515,3.249
190.0,0.529,0.482,2.083,1.375,1.574,3.305
217.8,0.681,0.461,2.039,1.293,1.330,3.301
195.9,0.588,0.491,2.004,1.254,1.485,3.154
211.7,0.478,0.455,2.326,1.306,1.533,3.156
191.0,0.522,0.483,2.244,1.443,1.531,3.247
193.7,0.555,0.458,2.041,1.348,1.542,3.339
186.5,0.498,0.467,2.208,1.338,1.656,3.306
193.0,0.466,0.440,2.197,1.409,1.647,3.139
197.7,0.514,0.480,2.288,1.294,1.553,3.242
194.7,0.505,0.453,2.124,1.308,1.537,3.232
188.5,0.541,0.470,2.209,1.381,1.495,3.298
194.6,0.486,0.465,2.354,1.415,1.632,3.219
203.2,0.531,0.491,2.135,1.362,1.555,3.409
210.9,0.497,0.474,2.186,1.327,1.599,3.311
202.8,0.477,0.453,2.066,1.269,1.734,3.141
212.5,0.471,0.453,2.182,1.424,1.520,3.260
196.3,0.536,0.454,2.227,1.422,1.533,3.149
196.2,0.487,0.463,2.234,1.317,1.560,3.131
207.1,0.454,0.464,2.241,1.406,1.524,3.187
192.2,0.512,0.458,2.153,1.495,1.486,3.185
193.0,0.492,0.476,2.259,1.328,1.591,3.205
192.1,0.522,0.455,2.131,1.289,1.628,3.139
201.8,0.559,0.472,2.046,1.449,1.450,3.207
196.8,0.488,0.461,2.224,1.406,1.659,3.237
216.1,0.607,0.454,2.018,1.156,1.471,3.312
191.9,0.535,0.479,2.036,1.478,1.560,3.186
191.0,0.428,0.451,2.394,1.419,1.766,3.037
193.5,0.532,0.452,2.254,1.531,1.567,3.208
201.0,0.537,0.470,2.207,1.383,1.475,3.161
204.5,0.471,0.464,2.139,1.466,1.536,3.371
213.3,0.574,0.452,2.139,1.385,1.426,3.210
186.9,0.530,0.478,2.176,1.476,1.576,3.477
192.1,0.510,0.467,2.110,1.489,1.507,3.259
210.6,0.452,0.444,2.261,1.480,1.577,3.047
200.2,0.487,0.446,2.225,1.453,1.670,3.250
215.3,0.499,0.458,2.075,1.356,1.428,3.445
199.9,0.485,0.460,2.363,1.430,1.610,3.201
200.0,0.705,0.471,1.919,1.302,1.280,3.326
197.0,0.475,0.469,2.283,1.371,1.524,3.153
193.6,0.509,0.484,2.128,1.313,1.565,3.149
208.0,0.563,0.458,1.993,1.503,1.536,3.142
201.2,0.546,0.472,2.129,1.456,1.517,3.195
204.9,0.485,0.462,2.151,1.239,1.498,3.227
192.4,0.462,0.485,2.255,1.386,1.747,3.386
209.4,0.525,0.454,2.212,1.397,1.465,3.187
203.4,0.476,0.466,2.223,1.402,1.592,3.214
203.1,0.494,0.472,2.162,1.352,1.594,3.334
195.0,0.511,0.472,2.300,1.407,1.631,3.188
190.6,0.480,0.474,2.240,1.422,1.658,3.191
188.7,0.495,0.471,2.217,1.515,1.652,3.162
191.0,0.564,0.459,2.065,1.302,1.542,3.237
201.8,0.515,0.488,2.149,1.349,1.601,3.267
205.0,0.511,0.467,2.109,1.341,1.498,3.153
188.0,0.531,0.462,2.095,1.417,1.481,3.153
201.8,0.509,0.453,2.254,1.402,1.544,3.052
196.0,0.590,0.471,2.102,1.381,1.554,3.276
196.3,0.570,0.475,2.010,1.256,1.522,3.291
192.3,0.580,0.478,2.166,1.487,1.524,3.258
181.3,0.516,0.475,2.191,1.422,1.510,3.271
201.6,0.598,0.470,1.982,1.430,1.409,3.204
196.5,0.502,0.458,2.235,1.278,1.614,3.293
209.5,0.509,0.444,2.199,1.374,1.507,3.111
193.3,0.504,0.500,2.150,1.283,1.525,3.349
197.0,0.605,0.482,1.986,1.245,1.490,3.206
201.6,0.573,0.461,2.049,1.359,1.556,3.195
196.8,0.499,0.474,2.262,1.436,1.556,3.343
197.2,0.633,0.459,2.037,1.410,1.481,3.192
196.2,0.548,0.467,2.073,1.309,1.524,3.236
177.5,0.650,0.467,1.767,1.387,1.553,3.013
195.1,0.517,0.459,2.089,1.372,1.496,3.399
195.4,0.491,0.463,2.324,1.368,1.563,3.269
193.4,0.510,0.460,2.056,1.444,1.521,3.240
202.8,0.494,0.458,2.253,1.507,1.555,3.239
215.2,0.633,0.478,2.027,1.289,1.432,3.178
196.3,0.551,0.462,2.149,1.348,1.557,3.147
210.1,0.567,0.475,2.044,1.562,1.463,3.215
197.3,0.553,0.469,2.137,1.288,1.439,3.235
189.3,0.502,0.478,2.132,1.478,1.554,3.148
210.2,0.519,0.434,2.110,1.370,1.553,3.210
192.4,0.513,0.469,2.151,1.421,1.550,3.251
202.0,0.467,0.465,2.289,1.449,1.563,3.206
192.3,0.471,0.446,2.286,1.378,1.527,3.150
195.2,0.562,0.456,2.136,1.363,1.624,3.276
199.0,0.469,0.469,2.248,1.381,1.654,3.290
194.1,0.540,0.481,2.120,1.341,1.535,3.382
193.5,0.528,0.463,2.186,1.377,1.460,3.105
189.4,0.492,0.494,2.216,1.375,1.547,3.304
203.2,0.602,0.460,2.013,1.403,1.418,3.150
199.7,0.539,0.478,2.185,1.345,1.556,3.332
203.0,0.525,0.446,2.141,1.394,1.458,3.223
204.1,0.540,0.459,2.227,1.469,1.489,3.214
203.9,0.449,0.454,2.318,1.484,1.734,3.161
195.0,0.500,0.466,2.190,1.374,1.549,3.240
201.9,0.461,0.443,2.229,1.430,1.724,3.160
192.3,0.582,0.459,2.018,1.313,1.579,3.302
198.7,0.507,0.432,2.240,1.555,1.599,3.171
191.0,0.470,0.473,2.306,1.373,1.587,3.251
201.8,0.456,0.465,2.266,1.551,1.649,3.219
203.2,0.465,0.468,2.302,1.400,1.667,3.315
201.2,0.504,0.429,2.245,1.490,1.484,3.029
195.7,0.470,0.456,2.219,1.450,1.641,3.188
183.5,0.461,0.461,2.118,1.419,1.605,3.214
198.0,0.552,0.454,2.086,1.281,1.544,3.247
195.5,0.545,0.455,2.048,1.486,1.399,3.100
203.5,0.578,0.454,2.023,1.291,1.470,3.056
204.6,0.575,0.486,1.919,1.279,1.561,3.142
197.8,0.489,0.458,2.175,1.373,1.629,3.149
201.3,0.514,0.463,2.178,1.288,1.464,3.161
200.6,0.522,0.473,2.100,1.354,1.517,3.377
198.6,0.607,0.475,2.023,1.267,1.477,3.323
195.6,0.451,0.466,2.275,1.468,1.579,3.148
209.2,0.459,0.471,2.242,1.307,1.569,3.262
199.3,0.494,0.488,2.141,1.190,1.606,3.214
201.7,0.607,0.464,2.055,1.411,1.444,3.194
206.2,0.508,0.474,2.171,1.431,1.466,3.201
202.3,0.492,0.432,2.195,1.405,1.447,3.155
207.7,0.490,0.468,2.287,1.499,1.554,3.252
193.6,0.439,0.451,2.296,1.366,1.664,3.166
194.2,0.501,0.473,2.322,1.470,1.630,3.352
211.5,0.607,0.465,2.001,1.339,1.537,3.124
217.1,0.496,0.448,2.321,1.388,1.472,3.186
207.9,0.460,0.452,2.250,1.266,1.605,3.119
197.7,0.536,0.460,2.207,1.460,1.486,3.298
212.8,0.523,0.436,2.041,1.451,1.536,3.130
208.7,0.487,0.450,2.117,1.365,1.570,3.252
203.1,0.534,0.477,2.085,1.319,1.566,3.466
191.8,0.506,0.476,2.224,1.478,1.573,3.188
191.2,0.482,0.493,2.199,1.231,1.798,3.205
202.7,0.439,0.464,2.247,1.425,1.648,3.478
199.3,0.473,0.486,2.210,1.509,1.644,3.271
199.6,0.441,0.452,2.257,1.488,1.653,3.062
202.2,0.455,0.469,2.270,1.359,1.678,3.316
195.3,0.476,0.461,2.368,1.463,1.640,3.140
186.9,0.481,0.478,2.240,1.474,1.574,3.331
183.9,0.536,0.473,2.150,1.401,1.574,3.347
192.4,0.514,0.471,2.346,1.483,1.537,3.310
196.8,0.500,0.467,2.172,1.398,1.580,3.262
198.7,0.493,0.463,2.328,1.284,1.650,3.256
195.6,0.471,0.463,2.200,1.365,1.653,3.089
189.4,0.515,0.456,2.173,1.380,1.530,3.220
192.7,0.466,0.476,2.241,1.574,1.583,3.294
190.5,0.468,0.470,2.316,1.433,1.584,3.218
193.7,0.468,0.473,2.281,1.407,1.649,3.235
207.5,0.536,0.473,2.122,1.245,1.473,3.267
193.2,0.583,0.469,2.145,1.496,1.508,3.179
197.9,0.466,0.480,2.244,1.197,1.691,3.331
215.8,0.699,0.480,1.889,1.297,1.358,3.283
205.2,0.500,0.462,2.152,1.349,1.625,3.297
195.2,0.491,0.457,2.142,1.574,1.671,3.314
187.0,0.534,0.481,2.293,1.335,1.553,3.365
189.8,0.490,0.470,2.236,1.299,1.620,3.293
192.9,0.468,0.460,2.291,1.601,1.692,3.253
210.4,0.486,0.448,2.090,1.330,1.546,3.082
198.1,0.509,0.464,2.206,1.400,1.573,3.226
191.3,0.444,0.467,2.318,1.485,1.633,3.153
197.0,0.505,0.451,2.224,1.477,1.510,3.149
219.2,0.520,0.435,1.995,1.462,1.568,3.190
212.0,0.511,0.460,2.129,1.399,1.411,3.270
197.5,0.616,0.444,1.869,1.369,1.459,2.943
197.5,0.600,0.471,1.948,1.400,1.521,3.340
210.9,0.572,0.451,2.106,1.446,1.483,3.037
192.1,0.612,0.479,1.993,1.274,1.322,3.281
188.5,0.487,0.459,2.178,1.347,1.604,3.179
209.0,0.587,0.455,2.026,1.352,1.464,3.099
187.3,0.581,0.483,2.138,1.330,1.441,3.166
200.3,0.472,0.477,2.224,1.407,1.620,3.317
195.6,0.573,0.470,2.222,1.528,1.303,3.335
200.7,0.612,0.474,2.126,1.368,1.334,3.081
199.9,0.489,0.462,2.176,1.362,1.527,3.119
205.2,0.607,0.481,1.901,1.226,1.418,3.275
199.0,0.512,0.465,2.189,1.241,1.459,3.341
205.7,0.489,0.457,2.149,1.358,1.575,3.206
198.5,0.560,0.482,2.044,1.273,1.503,3.230
205.4,0.536,0.470,2.093,1.447,1.434,3.188
201.4,0.496,0.486,2.142,1.463,1.515,3.478
188.7,0.530,0.465,2.045,1.478,1.566,3.260
204.3,0.522,0.465,2.258,1.418,1.506,3.152
198.5,0.538,0.471,2.069,1.356,1.491,3.267
190.8,0.523,0.467,2.220,1.361,1.501,3.168
201.3,0.545,0.472,2.161,1.485,1.499,3.204
213.0,0.595,0.468,1.979,1.234,1.427,3.156
194.2,0.579,0.469,1.974,1.341,1.451,3.127
197.3,0.557,0.465,2.049,1.346,1.464,3.136
196.6,0.576,0.458,2.065,1.288,1.538,3.174
205.3,0.474,0.464,2.220,1.384,1.625,3.143
198.4,0.530,0.456,2.075,1.336,1.545,3.342
194.3,0.542,0.472,2.155,1.468,1.453,3.316
193.9,0.565,0.475,2.224,1.459,1.448,3.288
202.1,0.467,0.461,2.227,1.422,1.661,3.109
195.0,0.580,0.465,2.044,1.337,1.396,3.185
200.3,0.498,0.487,2.193,1.450,1.627,3.391
196.2,0.525,0.452,2.107,1.380,1.535,3.178
199.6,0.527,0.477,2.180,1.362,1.497,3.322
200.6,0.560,0.479,2.126,1.371,1.396,3.314
211.3,0.542,0.449,2.047,1.385,1.451,3.203
189.3,0.602,0.455,2.032,1.377,1.414,3.162
214.0,0.585,0.471,2.118,1.450,1.386,3.162
189.2,0.644,0.489,2.143,1.480,1.366,3.355
210.2,0.529,0.453,2.241,1.483,1.534,3.084
192.0,0.510,0.459,2.258,1.370,1.565,3.265
210.5,0.575,0.459,2.142,1.283,1.466,3.309
206.3,0.530,0.458,2.065,1.452,1.475,3.086
192.1,0.528,0.460,2.347,1.387,1.442,3.230
193.2,0.582,0.455,2.003,1.491,1.445,3.072
195.6,0.537,0.455,2.122,1.478,1.428,3.215
198.5,0.531,0.446,2.056,1.485,1.490,3.063
197.1,0.502,0.466,2.104,1.396,1.619,3.117
196.7,0.467,0.455,2.257,1.491,1.458,3.152
204.2,0.544,0.466,2.105,1.345,1.482,3.168
196.5,0.545,0.461,2.232,1.407,1.551,3.251
194.0,0.470,0.466,2.370,1.492,1.534,3.162
198.2,0.535,0.481,2.120,1.390,1.402,3.162
197.8,0.527,0.465,2.190,1.288,1.512,3.124
201.1,0.494,0.460,2.181,1.410,1.441,3.181
190.5,0.525,0.456,2.164,1.397,1.504,3.048
200.6,0.479,0.456,2.285,1.430,1.580,3.298
197.7,0.521,0.461,2.248,1.476,1.606,3.225
193.5,0.500,0.468,2.291,1.481,1.601,3.162
198.1,0.527,0.501,2.220,1.270,1.539,3.317
199.6,0.517,0.463,2.138,1.298,1.589,3.288
193.8,0.544,0.477,2.247,1.353,1.479,3.210
223.4,0.581,0.450,2.076,1.279,1.388,3.237
230.9,0.772,0.463,2.004,0.972,1.195,3.305
201.6,0.576,0.464,2.166,1.357,1.465,3.148
187.3,0.538,0.480,2.144,1.370,1.521,3.250
198.0,0.483,0.459,2.145,1.439,1.576,3.168
205.1,0.452,0.463,2.261,1.414,1.594,3.338
212.3,0.566,0.441,1.998,1.286,1.470,3.230
207.6,0.567,0.449,2.087,1.295,1.533,3.166
202.0,0.538,0.451,2.169,1.453,1.492,3.121
203.0,0.514,0.454,2.224,1.382,1.586,3.175
203.4,0.484,0.466,2.090,1.343,1.541,3.251
197.7,0.511,0.456,2.279,1.319,1.488,3.305
196.2,0.557,0.476,2.083,1.302,1.360,3.226
192.8,0.477,0.477,2.219,1.452,1.583,3.159
202.4,0.511,0.475,2.265,1.522,1.485,3.289
192.8,0.514,0.464,2.101,1.398,1.587,3.251
195.4,0.501,0.461,2.253,1.436,1.515,3.195
212.2,0.478,0.454,2.255,1.348,1.579,3.322
211.0,0.492,0.456,2.218,1.413,1.610,3.027
203.0,0.491,0.451,2.230,1.399,1.588,3.093
197.7,0.577,0.475,2.026,1.307,1.521,3.168
185.4,0.511,0.464,2.116,1.476,1.451,3.269
197.1,0.660,0.436,2.035,1.348,1.411,3.115
203.0,0.520,0.460,2.256,1.448,1.476,3.358
205.7,0.528,0.449,2.169,1.416,1.530,3.082
202.2,0.595,0.451,1.966,1.435,1.479,3.092
187.6,0.530,0.482,2.390,1.610,1.378,3.203
196.6,0.597,0.471,2.211,1.478,1.455,3.357
182.9,0.488,0.463,2.253,1.370,1.578,3.081
195.7,0.539,0.449,2.189,1.432,1.477,3.064
209.8,0.511,0.469,2.204,1.347,1.547,3.305
186.2,0.494,0.475,2.325,1.369,1.545,3.379
192.8,0.523,0.471,2.269,1.386,1.530,3.233
195.4,0.553,0.467,2.018,1.312,1.501,3.140
190.8,0.494,0.445,2.137,1.298,1.576,3.146
197.8,0.633,0.478,1.954,1.329,1.502,3.342
199.3,0.557,0.452,2.060,1.497,1.509,3.282
203.0,0.500,0.458,2.195,1.491,1.384,3.191
205.5,0.552,0.474,1.998,1.410,1.508,3.246
196.4,0.528,0.456,2.099,1.568,1.460,3.035
203.2,0.529,0.468,2.205,1.277,1.497,3.352
205.9,0.564,0.445,2.098,1.369,1.492,3.013
203.5,0.476,0.471,2.295,1.365,1.720,3.339
189.0,0.466,0.456,2.472,1.494,1.671,3.207
192.6,0.449,0.490,2.293,1.451,1.512,3.237
202.7,0.623,0.477,1.956,1.228,1.389,3.130
201.5,0.480,0.454,2.198,1.383,1.478,3.203
209.1,0.629,0.452,2.078,1.337,1.372,3.182
198.5,0.512,0.459,2.192,1.454,1.480,3.171
200.6,0.473,0.464,2.150,1.446,1.621,3.222
191.7,0.505,0.471,2.199,1.416,1.648,3.269
197.9,0.539,0.459,2.130,1.302,1.536,3.106
204.9,0.504,0.458,2.076,1.328,1.621,3.211
209.9,0.582,0.469,1.935,1.458,1.385,3.260
211.6,0.578,0.464,1.986,1.395,1.463,3.277
190.5,0.498,0.455,2.347,1.539,1.533,3.118
190.7,0.503,0.454,2.252,1.434,1.526,3.187
192.6,0.534,0.453,2.219,1.314,1.496,3.183
205.7,0.515,0.464,2.161,1.307,1.488,3.255
202.5,0.523,0.464,2.139,1.438,1.560,3.230
215.7,0.504,0.463,2.158,1.334,1.471,3.307
200.9,0.552,0.446,2.104,1.285,1.507,3.208
211.5,0.522,0.478,2.186,1.231,1.631,3.218
195.5,0.493,0.470,2.291,1.386,1.546,3.102
191.9,0.520,0.474,2.190,1.327,1.641,3.290
194.4,0.516,0.456,2.153,1.392,1.562,3.124
205.1,0.505,0.433,2.184,1.508,1.490,2.952
196.8,0.501,0.482,2.296,1.335,1.605,3.461
197.6,0.574,0.448,2.044,1.365,1.610,3.174
211.6,0.537,0.447,2.081,1.263,1.563,3.134
197.8,0.478,0.454,2.279,1.408,1.512,3.179
201.6,0.493,0.462,2.171,1.451,1.573,3.262
198.6,0.514,0.439,2.193,1.348,1.582,3.035
201.5,0.589,0.453,2.055,1.388,1.358,3.142
182.9,0.479,0.494,2.461,1.340,1.552,3.309
201.0,0.523,0.463,2.194,1.476,1.550,3.225
202.2,0.578,0.466,2.005,1.288,1.441,3.233
208.9,0.466,0.468,2.336,1.354,1.616,3.159
200.2,0.503,0.468,2.259,1.523,1.580,3.225
202.6,0.548,0.455,2.152,1.356,1.419,3.050
190.8,0.498,0.472,2.287,1.419,1.625,3.134
204.5,0.528,0.471,2.197,1.394,1.615,3.141
201.7,0.623,0.459,2.067,1.314,1.399,3.189
191.7,0.501,0.459,2.252,1.329,1.527,3.159
209.7,0.454,0.472,2.186,1.347,1.630,3.208
206.3,0.451,0.453,2.228,1.315,1.455,3.043
219.2,0.498,0.452,2.076,1.391,1.500,3.197
192.9,0.520,0.470,2.220,1.296,1.508,3.116
195.1,0.434,0.464,2.165,1.489,1.582,3.340
199.6,0.612,0.452,1.961,1.181,1.394,3.273
196.9,0.472,0.436,2.056,1.557,1.606,3.057
185.8,0.517,0.466,2.243,1.486,1.481,3.169
193.1,0.507,0.466,2.378,1.404,1.612,3.300
208.1,0.520,0.459,2.179,1.378,1.545,3.088
196.5,0.528,0.447,2.152,1.367,1.473,2.979
192.8,0.530,0.477,2.114,1.319,1.552,3.220
194.6,0.457,0.459,2.313,1.271,1.561,3.232
196.1,0.460,0.456,2.269,1.489,1.613,3.175
193.7,0.539,0.453,2.162,1.378,1.480,3.099
204.6,0.463,0.460,2.404,1.522,1.524,3.174
198.6,0.581,0.474,2.055,1.383,1.572,3.248
198.4,0.509,0.466,2.134,1.301,1.603,3.087
190.8,0.544,0.491,2.126,1.281,1.511,3.320
199.7,0.628,0.481,2.058,1.233,1.419,3.247
195.8,0.481,0.465,2.212,1.460,1.597,3.210
195.8,0.498,0.467,2.088,1.421,1.473,3.317
201.3,0.551,0.445,2.133,1.453,1.526,3.171
207.0,0.583,0.453,1.938,1.430,1.323,3.095
203.1,0.497,0.466,2.218,1.346,1.485,3.256
195.9,0.469,0.475,2.364,1.407,1.463,3.448
199.1,0.580,0.467,2.046,1.363,1.409,3.198
196.6,0.506,0.474,2.224,1.416,1.476,3.175
200.6,0.554,0.467,2.113,1.342,1.561,3.226
200.8,0.550,0.480,2.179,1.307,1.369,3.245
188.6,0.475,0.460,2.306,1.411,1.472,3.214
190.3,0.493,0.452,2.240,1.463,1.577,3.168
198.0,0.594,0.459,2.050,1.302,1.530,3.236
201.3,0.519,0.449,2.040,1.384,1.576,3.050
200.7,0.572,0.484,2.090,1.312,1.413,3.322
206.8,0.517,0.470,2.096,1.332,1.556,3.247
194.6,0.485,0.464,2.249,1.501,1.566,3.175
197.0,0.491,0.476,2.230,1.457,1.548,3.202
196.4,0.523,0.461,2.247,1.495,1.477,3.172
207.2,0.519,0.457,2.134,1.373,1.422,3.218
206.7,0.501,0.472,2.322,1.390,1.465,3.158
185.6,0.505,0.495,2.318,1.485,1.625,3.413
197.1,0.463,0.432,2.279,1.398,1.708,3.087
209.2,0.650,0.458,2.014,1.269,1.370,3.295
196.4,0.529,0.457,2.150,1.280,1.492,3.259
194.5,0.549,0.467,2.080,1.359,1.520,3.387
198.2,0.462,0.458,2.439,1.408,1.628,3.156