SHAPE_1,SHAPE_2,SHAPE_3,SHAPE_7,SHAPE_8,SHAPE_9
0.583,0.448,2.402,1.692,0.881,3.366
0.538,0.455,2.352,1.850,0.907,3.251
0.755,0.479,2.399,1.531,0.915,3.292
0.478,0.478,2.491,1.859,0.880,3.365
0.598,0.483,2.421,1.742,1.011,3.440
0.595,0.471,2.321,1.766,0.860,3.202
0.609,0.478,2.354,1.656,0.934,3.455
0.608,0.455,2.508,1.935,1.007,3.235
0.574,0.460,2.355,1.635,0.925,3.126
0.511,0.458,2.311,1.649,0.967,3.114
0.524,0.442,2.307,1.843,0.926,3.220
0.541,0.464,2.448,1.636,0.941,3.217
0.516,0.480,2.383,1.846,0.901,3.404
0.569,0.455,2.224,1.501,0.989,3.214
0.484,0.455,2.359,1.887,0.859,3.274
0.504,0.462,2.369,1.850,0.921,3.197
0.513,0.472,2.567,1.833,0.956,3.273
0.589,0.461,2.540,1.709,0.973,3.288
0.502,0.474,2.437,1.803,0.945,3.210
0.511,0.449,2.440,1.811,0.903,3.066
0.592,0.467,2.332,1.803,0.966,3.306
0.690,0.471,2.347,1.577,0.892,3.160
0.578,0.444,2.457,1.784,0.929,3.225
0.499,0.456,2.417,1.953,0.939,3.294
0.499,0.458,2.349,1.908,0.842,3.071
0.622,0.444,2.296,1.746,0.909,3.225
0.566,0.457,2.339,1.769,0.896,3.187
0.639,0.466,2.356,1.652,0.948,3.409
0.518,0.474,2.417,1.831,0.942,3.379
0.534,0.450,2.437,1.805,0.962,3.186
0.536,0.434,2.383,1.920,0.970,3.030
0.513,0.482,2.575,1.866,0.950,3.446
0.539,0.455,2.406,1.772,0.902,3.363
0.726,0.473,2.410,1.552,0.850,3.278
0.554,0.463,2.499,1.838,0.926,3.299
0.520,0.462,2.382,1.938,0.895,3.195
0.494,0.469,2.526,1.851,0.969,3.291
0.573,0.456,2.575,1.800,0.940,3.258
0.537,0.476,2.265,1.730,0.881,3.151
0.547,0.456,2.354,1.642,0.936,3.396
0.658,0.446,2.369,1.720,0.941,3.167
0.580,0.451,2.333,1.728,0.852,3.196
0.545,0.450,2.312,1.629,0.942,3.110
0.498,0.478,2.448,1.779,0.882,3.132
0.521,0.473,2.408,1.658,0.915,3.337
0.504,0.482,2.554,1.825,0.934,3.142
0.517,0.467,2.375,1.866,0.854,3.137
0.565,0.448,2.435,1.667,0.983,3.333
0.552,0.452,2.445,1.694,0.941,3.371
0.524,0.452,2.480,1.742,0.917,3.299
0.600,0.458,2.410,1.656,0.930,3.283
0.566,0.474,2.506,1.730,0.964,3.408
0.686,0.456,2.257,1.618,0.978,3.399
0.512,0.477,2.393,1.871,0.850,3.371
0.499,0.457,2.475,1.658,0.982,3.239
0.487,0.467,2.392,1.888,0.823,3.204
0.517,0.467,2.437,1.895,0.951,3.196
0.574,0.469,2.451,1.701,1.027,3.317
0.527,0.480,2.387,1.760,0.877,3.174
0.514,0.468,2.395,1.955,0.877,3.349
0.556,0.461,2.470,1.841,0.980,3.184
0.540,0.439,2.341,1.658,0.892,3.305
0.647,0.435,2.164,1.527,0.878,3.201
0.534,0.441,2.274,1.732,0.949,3.307
0.540,0.439,2.338,1.804,0.952,3.259
0.512,0.422,2.439,1.762,0.922,3.334
0.522,0.452,2.471,1.733,0.983,3.227
0.489,0.451,2.540,1.864,0.945,3.352
0.599,0.451,2.353,1.572,1.019,3.061
0.710,0.455,2.157,1.513,0.999,3.230
0.564,0.447,2.282,1.784,0.952,3.212
0.529,0.463,2.393,1.752,0.945,3.291
0.544,0.457,2.450,1.770,0.927,3.321
0.591,0.424,2.429,1.739,1.000,3.240
0.540,0.469,2.458,1.643,0.952,3.266
0.554,0.462,2.245,1.610,0.949,3.367
0.522,0.469,2.579,1.814,0.914,3.236
0.495,0.467,2.287,1.750,0.927,3.351
0.554,0.453,2.338,1.771,0.954,3.199
0.572,0.451,2.358,1.668,0.929,3.161
0.563,0.464,2.612,1.889,0.866,3.224
0.505,0.435,2.441,1.819,0.972,3.244
0.597,0.460,2.315,1.530,0.958,3.129
0.534,0.468,2.409,2.036,0.924,3.223
0.539,0.428,2.386,1.686,0.928,3.274
0.532,0.467,2.490,1.728,0.900,3.321
0.560,0.436,2.409,1.742,0.955,3.126
0.661,0.446,2.288,1.568,0.959,3.161
0.623,0.458,2.218,1.599,1.006,3.222
0.480,0.439,2.482,1.847,0.928,3.180
0.497,0.441,2.483,1.889,0.883,3.257
0.573,0.429,2.376,1.735,0.939,3.277
0.521,0.465,2.456,1.797,0.946,3.331
0.578,0.465,2.224,1.827,0.964,3.253
0.538,0.437,2.383,1.713,0.924,3.227
0.507,0.460,2.486,1.778,0.978,3.210
0.545,0.457,2.281,1.832,0.881,3.416
0.538,0.453,2.484,1.742,0.951,3.268
0.506,0.475,2.415,1.944,0.972,3.391
0.577,0.434,2.350,1.868,0.907,3.270
0.538,0.457,2.568,1.779,0.957,3.173
0.718,0.447,2.215,1.549,0.970,3.089
0.581,0.442,2.343,1.724,0.984,3.269
0.510,0.457,2.362,1.857,0.954,3.306
0.551,0.425,2.377,1.848,0.957,2.953
0.603,0.434,2.312,1.832,0.942,3.174
0.530,0.439,2.337,1.894,0.962,3.313
0.495,0.451,2.274,1.759,0.942,3.079
0.510,0.448,2.340,1.909,0.895,3.248
0.527,0.443,2.329,1.853,0.957,3.098
0.563,0.431,2.418,1.914,0.993,3.004
0.597,0.448,2.457,1.724,1.147,3.154
0.595,0.447,2.391,1.781,1.051,3.177
0.501,0.447,2.558,1.758,0.908,3.319
0.558,0.457,2.370,1.692,0.964,3.389
0.563,0.440,2.330,1.742,0.948,3.146
0.566,0.441,2.427,1.821,1.006,3.144
0.490,0.428,2.335,1.753,0.817,3.226
0.485,0.437,2.508,1.941,0.962,3.302
0.605,0.437,2.349,1.774,0.966,3.152
0.548,0.448,2.485,1.766,0.922,3.332
0.521,0.442,2.387,1.844,1.008,3.180
0.626,0.461,2.331,1.558,0.918,3.151
0.505,0.441,2.384,1.864,0.962,3.308
0.591,0.449,2.186,1.562,1.000,3.237
0.525,0.441,2.392,1.737,0.910,3.211
0.604,0.446,2.285,1.769,0.977,3.323
0.525,0.442,2.228,1.753,0.927,3.293
0.525,0.444,2.350,1.776,0.971,3.243
0.638,0.454,2.213,1.561,0.925,3.098
0.504,0.455,2.504,1.753,0.928,3.165
0.602,0.451,2.404,1.757,0.998,3.383
0.546,0.448,2.330,1.849,0.943,3.338
0.511,0.457,2.524,1.853,1.008,3.342
0.595,0.441,2.396,1.746,0.979,3.176
0.467,0.464,2.377,1.873,0.939,3.318
0.608,0.463,2.299,1.829,0.912,3.340
0.592,0.427,2.309,1.855,0.889,3.215
0.487,0.458,2.302,1.868,0.883,3.200
0.495,0.452,2.458,1.850,0.954,3.076
0.562,0.447,2.368,1.627,0.913,3.152
0.475,0.444,2.432,1.851,0.933,3.096
0.471,0.446,2.388,1.811,0.932,3.228
0.514,0.459,2.508,1.915,0.946,3.194
0.539,0.471,2.296,1.870,0.883,3.425
0.758,0.445,2.269,1.401,0.938,3.155
0.519,0.450,2.400,1.798,0.921,3.200
0.537,0.454,2.275,1.606,0.993,3.137
0.576,0.466,2.381,1.630,0.983,3.431
0.485,0.453,2.404,1.796,0.920,3.255
0.504,0.441,2.622,1.966,0.986,3.089
0.505,0.456,2.604,1.970,1.029,3.114
0.579,0.468,2.258,1.749,0.957,3.237
0.550,0.472,2.441,1.895,0.935,3.330
0.776,0.478,2.136,1.443,0.982,3.298
0.613,0.444,2.331,1.648,0.931,3.234
0.500,0.444,2.351,1.780,0.894,3.196
0.624,0.458,2.466,1.725,0.905,3.236
0.510,0.443,2.306,1.781,0.943,3.215
0.480,0.444,2.446,1.826,0.862,3.169
0.537,0.440,2.396,1.801,0.827,3.132
0.766,0.440,2.126,1.374,1.018,3.111
0.557,0.449,2.368,1.850,0.813,3.203
0.501,0.440,2.365,1.760,0.941,3.277
0.530,0.462,2.545,1.921,0.935,3.249
0.548,0.453,2.233,1.792,0.884,3.362
0.494,0.464,2.425,1.802,0.907,3.286
0.513,0.451,2.633,1.894,0.960,3.312
0.683,0.443,2.300,1.796,0.935,3.213
0.537,0.463,2.395,1.894,0.926,3.212
0.528,0.461,2.402,1.785,0.895,3.119
0.557,0.476,2.421,1.667,0.931,3.221
0.542,0.463,2.362,1.647,0.846,3.349
0.489,0.463,2.475,1.814,0.963,3.224
0.495,0.460,2.512,1.817,0.985,3.277
0.582,0.450,2.277,1.572,0.939,3.220
0.637,0.454,2.463,1.455,0.985,3.342
0.631,0.435,2.265,1.642,0.987,3.262
0.570,0.468,2.373,1.827,0.903,3.305
0.528,0.445,2.454,1.823,0.929,3.220
0.541,0.456,2.351,1.698,0.886,3.245
0.535,0.459,2.371,1.791,0.908,3.286
0.479,0.445,2.361,1.723,0.879,3.133
0.524,0.463,2.441,1.793,0.952,3.243
0.582,0.465,2.296,1.689,0.886,3.348
0.503,0.417,2.145,1.885,0.906,3.073
0.488,0.447,2.357,1.736,0.934,3.163
0.551,0.456,2.413,1.767,0.877,3.261
0.569,0.448,2.315,1.628,0.886,3.265
0.528,0.453,2.284,1.800,0.908,3.164
0.569,0.456,2.357,1.828,0.924,3.098
0.564,0.458,2.412,1.748,0.904,3.261
0.526,0.443,2.527,1.710,0.979,3.176
0.568,0.438,2.293,1.705,0.988,3.043
0.631,0.452,2.164,1.557,0.917,3.388
0.496,0.452,2.320,1.907,0.935,3.209
0.514,0.453,2.408,1.875,0.931,3.219
0.565,0.447,2.337,1.719,0.875,3.146
0.686,0.446,2.428,1.628,0.971,3.226
0.534,0.447,2.360,1.728,0.929,3.139
0.521,0.451,2.400,1.796,0.989,3.174
0.708,0.443,2.216,1.476,0.907,3.192
0.501,0.463,2.386,1.897,0.863,3.217
0.553,0.469,2.473,1.660,0.874,3.147
0.535,0.456,2.424,1.738,0.924,3.187
0.565,0.427,2.330,1.682,0.957,3.091
0.569,0.462,2.390,1.663,0.935,3.225
0.626,0.464,2.298,1.819,0.945,3.198
0.581,0.470,2.394,1.631,0.941,3.256
0.605,0.441,2.318,1.665,0.938,3.239
0.560,0.437,2.349,1.767,0.934,3.240
0.543,0.461,2.258,1.671,0.829,3.239
0.625,0.464,2.252,1.674,0.940,3.212
0.711,0.473,2.256,1.567,0.847,3.304
0.496,0.469,2.469,1.789,0.918,3.248
0.548,0.452,2.262,1.900,0.873,3.163
0.594,0.436,2.376,1.684,0.940,3.141
0.597,0.456,2.233,1.577,0.885,3.133
0.559,0.450,2.225,1.653,0.951,3.291
0.496,0.452,2.383,1.770,0.951,3.224
0.564,0.455,2.367,1.697,0.923,3.153
0.551,0.439,2.258,1.643,0.960,3.158
0.608,0.468,2.301,1.642,0.888,3.368
0.480,0.459,2.375,1.779,0.911,3.255
0.464,0.452,2.199,1.906,0.905,3.178
0.550,0.467,2.294,1.610,0.865,3.203
0.593,0.440,2.348,1.636,0.910,3.225
0.748,0.472,2.227,1.440,0.873,3.306
0.573,0.456,2.345,1.621,0.935,2.980
0.504,0.431,2.403,1.751,0.918,3.001
0.499,0.437,2.329,1.680,0.884,3.214
0.681,0.433,2.263,1.567,0.975,3.118
0.685,0.443,2.301,1.576,0.924,3.172
0.481,0.466,2.534,1.809,0.948,3.264
0.484,0.448,2.450,1.833,0.962,3.092
0.516,0.460,2.543,1.867,0.912,3.295
0.522,0.441,2.390,1.708,0.909,3.076
0.553,0.449,2.420,1.840,0.997,3.102
0.535,0.440,2.441,1.751,0.922,3.164
0.629,0.478,2.300,1.676,0.871,3.239
0.546,0.463,2.293,1.849,0.881,3.195
0.529,0.443,2.442,1.686,0.853,3.192
0.526,0.459,2.235,1.914,0.864,3.120
0.497,0.439,2.456,1.851,1.033,3.051
0.534,0.476,2.458,1.763,0.900,3.319
0.477,0.474,2.471,1.828,0.904,3.294
0.513,0.454,2.401,1.818,0.874,3.221
0.631,0.468,2.261,1.715,0.882,3.342
0.541,0.468,2.415,1.775,0.943,3.391
0.491,0.469,2.398,1.929,0.845,3.161
0.551,0.477,2.345,1.802,0.868,3.363
0.640,0.449,2.307,1.520,0.906,3.240
0.462,0.429,2.378,1.839,0.903,3.006
0.480,0.487,2.416,1.831,0.875,3.218
0.511,0.469,2.434,1.792,0.931,3.313
0.788,0.437,2.237,1.494,0.941,3.110
0.582,0.439,2.339,1.739,0.896,3.176
0.695,0.488,2.264,1.791,0.848,3.317
0.843,0.458,2.141,1.394,0.914,3.211
0.812,0.452,2.041,1.486,0.921,3.103
0.725,0.407,2.314,1.623,0.755,3.123
0.601,0.443,2.435,1.955,0.887,3.145
0.666,0.461,2.235,1.338,0.977,3.268
0.541,0.460,2.366,1.877,0.864,3.219
0.613,0.461,2.389,1.614,0.960,3.323
0.567,0.477,2.207,1.733,0.956,3.326
0.618,0.442,2.388,1.722,0.890,3.300
0.520,0.478,2.395,1.754,0.928,3.177
0.533,0.457,2.279,1.788,0.851,3.159
0.737,0.452,2.161,1.554,0.944,3.200
0.586,0.435,2.281,1.717,0.856,3.035
0.822,0.424,2.203,1.333,0.925,3.108
0.689,0.462,2.138,1.536,0.993,3.277
0.624,0.464,2.184,1.619,0.932,3.213
0.544,0.435,2.236,1.781,0.854,3.051
0.568,0.448,2.269,1.832,0.906,3.119
0.594,0.446,2.305,1.773,0.888,3.124
0.544,0.474,2.400,1.890,0.892,3.095
0.682,0.445,2.211,1.559,0.894,3.189
0.618,0.450,2.379,1.919,0.945,3.140
0.477,0.448,2.405,1.921,0.904,3.135
0.488,0.473,2.309,1.821,0.859,3.311
0.489,0.454,2.296,1.843,0.915,3.144
0.546,0.448,2.303,1.912,0.962,3.083
0.732,0.461,2.092,1.611,0.971,3.314
0.552,0.447,2.321,1.765,0.929,2.977
0.578,0.445,2.149,1.678,0.928,3.103
0.515,0.446,2.242,1.819,0.890,3.043
0.671,0.463,2.483,1.714,0.880,3.386
0.547,0.445,2.465,1.878,0.873,3.294
0.590,0.417,2.224,1.657,0.956,2.953
0.559,0.451,2.481,1.869,0.997,2.990
0.638,0.478,2.232,1.667,0.913,3.104
0.561,0.432,2.337,1.749,0.883,3.005
0.556,0.450,2.390,1.859,0.977,3.254
0.529,0.435,2.284,1.851,0.921,3.226
0.524,0.436,2.269,1.821,0.954,2.982
0.505,0.466,2.335,1.916,0.882,3.069
0.507,0.443,2.229,1.765,0.861,3.265
0.527,0.470,2.424,1.700,0.973,3.201
0.515,0.456,2.513,1.815,0.971,3.248
0.750,0.456,2.163,1.360,0.950,3.173
0.515,0.481,2.354,1.852,0.946,3.361
0.642,0.472,2.295,1.816,0.865,3.281
0.558,0.482,2.232,1.777,0.853,3.400
0.590,0.453,2.286,1.682,1.004,3.218
0.521,0.462,2.298,1.876,0.858,3.042
0.527,0.454,2.238,1.724,0.838,3.196
0.594,0.449,2.297,1.729,0.903,3.247
0.502,0.472,2.387,1.818,0.879,3.266
0.473,0.453,2.312,1.846,0.895,3.175
0.518,0.453,2.298,1.760,0.801,3.186
0.517,0.477,2.245,1.790,0.956,3.310
0.622,0.456,2.172,1.653,0.941,3.135
0.656,0.467,2.286,1.843,0.960,3.288
0.820,0.482,2.202,1.416,0.997,3.222
0.618,0.463,2.279,1.859,0.878,3.269
0.545,0.467,2.413,1.853,0.825,3.218
0.568,0.472,2.329,1.843,0.897,3.361
0.698,0.453,2.169,1.543,0.985,3.149
0.562,0.472,2.269,1.818,0.913,3.343
0.656,0.470,2.241,1.522,0.877,3.201
0.562,0.441,2.342,1.619,0.906,3.194
0.588,0.452,2.280,1.645,0.865,3.212
0.533,0.471,2.420,1.849,0.889,3.245
0.596,0.465,2.274,1.700,0.875,3.140
0.576,0.461,2.284,1.831,0.937,3.123
0.567,0.486,2.394,1.680,0.895,3.233
0.638,0.443,2.282,1.684,0.891,3.141
0.613,0.462,2.291,1.802,0.974,3.117
0.517,0.457,2.535,1.863,0.914,3.139
0.765,0.472,2.211,1.466,0.952,3.187
0.545,0.473,2.406,1.840,0.949,3.261
0.572,0.457,2.311,1.641,0.906,3.057
0.687,0.463,2.214,1.454,0.944,3.201
0.502,0.474,2.297,1.722,0.898,3.219
0.545,0.451,2.348,1.877,0.870,3.177
0.504,0.467,2.450,1.911,0.924,3.380
0.587,0.456,2.268,1.726,0.829,3.095
0.551,0.459,2.349,1.668,0.941,3.140
0.615,0.451,2.364,1.655,0.946,3.181
0.524,0.467,2.399,1.788,0.908,3.270
0.456,0.435,2.324,1.859,0.846,3.142
0.483,0.461,2.301,1.936,0.854,3.205
0.518,0.455,2.320,1.834,0.888,3.201
0.697,0.448,2.195,1.572,1.036,3.258
0.550,0.452,2.278,1.685,0.917,3.203
0.612,0.455,2.377,1.601,0.928,3.115
0.503,0.467,2.391,1.791,0.955,3.375
0.521,0.455,2.316,1.881,0.892,3.119
0.505,0.465,2.488,1.935,0.855,3.106
0.653,0.488,2.242,1.604,0.953,3.218
0.687,0.467,2.208,1.372,1.005,3.097
0.498,0.438,2.366,1.814,0.946,3.151
0.549,0.454,2.268,1.761,0.881,3.216
0.508,0.440,2.226,1.883,0.941,3.091
0.593,0.464,2.317,1.743,0.865,3.324
0.506,0.455,2.371,1.946,0.855,3.298
0.628,0.466,2.388,1.810,0.898,3.265
0.638,0.462,2.136,1.567,0.937,3.143
0.535,0.479,2.352,1.749,0.897,3.187
0.694,0.462,2.246,1.649,0.907,3.216
0.529,0.459,2.381,1.707,0.932,3.120
0.502,0.462,2.457,1.829,0.940,3.251
0.516,0.431,2.319,1.768,0.825,3.145
0.682,0.441,2.271,1.654,0.997,3.174
0.533,0.476,2.376,1.723,0.861,3.096
0.596,0.466,2.283,1.953,0.990,3.151
0.469,0.454,2.303,1.753,0.866,3.066
0.476,0.468,2.406,1.902,0.898,3.164
0.912,0.452,2.179,1.329,0.976,3.262
0.552,0.454,2.273,1.810,0.892,3.275
0.550,0.462,2.462,1.755,0.895,3.192
0.717,0.459,2.120,1.417,0.986,3.132
0.581,0.435,2.181,1.779,0.799,3.044
0.597,0.456,2.277,1.778,0.882,3.285
0.532,0.473,2.375,1.832,0.875,3.244
0.482,0.469,2.313,1.832,0.923,3.306
0.579,0.439,2.266,1.793,0.964,3.138
0.534,0.458,2.220,1.802,0.841,3.164
0.479,0.459,2.429,1.854,0.872,3.362
0.544,0.449,2.403,1.673,0.921,3.092
0.726,0.462,2.146,1.705,0.864,3.285
0.504,0.467,2.455,1.843,0.910,3.060
0.702,0.464,2.192,1.534,0.949,3.151
0.482,0.457,2.421,1.795,0.864,3.092
0.539,0.435,2.297,1.776,0.853,3.088
0.553,0.470,2.355,1.756,0.922,3.129
0.608,0.467,2.274,1.751,0.928,3.276
0.584,0.477,2.432,1.748,0.972,3.202
0.473,0.456,2.550,1.845,0.940,3.217
0.489,0.454,2.362,1.845,0.866,3.249
0.498,0.451,2.338,1.805,0.949,3.321
0.644,0.474,2.358,1.622,0.903,3.259
0.545,0.460,2.450,1.723,0.910,3.219
0.541,0.455,2.469,1.833,0.892,3.243
0.553,0.440,2.191,1.801,0.938,3.115
0.494,0.468,2.395,1.819,0.847,3.194
0.571,0.462,2.340,1.691,0.908,3.225
0.586,0.456,2.325,1.713,0.844,3.084
0.554,0.442,2.300,1.664,0.904,3.163
0.551,0.464,2.331,1.726,0.852,3.200
0.569,0.479,2.336,1.647,0.896,3.286
0.694,0.466,2.121,1.324,0.952,3.021
0.560,0.472,2.350,1.743,0.877,3.228
0.555,0.460,2.324,1.671,0.969,3.200
0.545,0.459,2.292,1.791,0.934,3.402
0.501,0.467,2.480,1.896,0.977,3.265
0.662,0.460,2.267,1.612,0.977,3.318
0.572,0.456,2.365,1.690,0.905,3.250
0.688,0.437,2.247,1.569,0.979,3.344
0.577,0.446,2.363,1.770,0.990,3.192
0.524,0.472,2.537,1.930,0.935,3.282
0.555,0.458,2.334,1.766,0.859,3.262
0.667,0.457,2.366,1.594,0.956,3.297
0.544,0.469,2.441,1.757,0.980,3.308
0.518,0.461,2.368,1.624,0.907,3.132
0.499,0.468,2.345,1.737,0.960,3.209
0.551,0.469,2.380,1.841,0.927,2.988
0.641,0.453,2.434,1.645,0.985,3.245
0.549,0.476,2.238,1.892,0.814,3.203
0.531,0.478,2.492,1.900,0.938,3.229
0.529,0.476,2.364,1.797,0.890,3.189
0.566,0.452,2.389,1.810,0.896,3.188
0.613,0.483,2.448,1.746,0.811,3.247
0.804,0.461,2.328,1.405,0.892,3.327
0.762,0.482,2.149,1.533,0.932,3.265
0.540,0.453,2.343,1.721,0.919,3.081
0.493,0.476,2.454,1.646,0.903,3.204
0.594,0.464,2.254,1.648,0.853,3.232
0.504,0.458,2.397,1.830,0.857,3.133
0.788,0.463,2.120,1.351,0.896,3.207
0.530,0.475,2.370,1.890,0.904,3.364
0.574,0.465,2.277,1.788,0.974,3.195
0.620,0.456,2.389,1.793,0.873,3.059
0.494,0.450,2.363,1.851,0.942,3.219
0.493,0.457,2.244,1.892,0.934,3.232
0.763,0.445,2.105,1.412,1.036,3.325
0.521,0.472,2.292,1.792,0.834,3.212
0.482,0.471,2.357,1.898,0.915,3.164
0.487,0.466,2.339,1.848,0.907,3.220
0.533,0.455,2.276,1.706,0.910,3.118
0.563,0.490,2.337,1.666,0.938,3.400
0.557,0.479,2.419,1.764,0.904,3.217
0.510,0.461,2.279,1.847,0.822,3.155
0.525,0.482,2.345,1.748,0.908,3.253
0.703,0.467,2.211,1.460,0.971,3.182
0.495,0.492,2.387,1.823,0.905,3.399
0.511,0.452,2.264,1.777,0.832,3.206
0.490,0.472,2.426,1.828,0.853,3.295
0.528,0.461,2.355,1.751,0.926,3.286
0.440,0.471,2.494,1.935,0.949,3.308
0.516,0.448,2.272,1.855,0.930,3.213
0.704,0.472,2.168,1.559,0.924,3.335
0.615,0.463,2.246,1.717,0.874,3.236
0.564,0.473,2.399,1.789,0.896,3.178
0.522,0.479,2.355,1.737,0.855,3.260
0.569,0.458,2.455,1.733,1.010,3.028
0.555,0.458,2.348,1.723,0.929,3.214
0.599,0.465,2.326,1.659,0.886,3.213
0.568,0.444,2.215,1.787,0.906,3.056
0.592,0.451,2.253,1.810,0.869,3.129
0.554,0.473,2.586,1.837,0.863,3.300
0.759,0.442,2.266,1.539,0.935,3.199
0.578,0.447,2.328,1.754,0.946,3.285
0.680,0.451,2.392,1.560,0.945,3.025
0.511,0.456,2.389,1.773,0.895,3.127
0.526,0.457,2.305,1.846,0.964,3.250
0.675,0.430,2.245,1.744,0.975,2.971
0.631,0.452,2.350,1.702,0.950,3.217
0.555,0.453,2.181,1.642,0.908,3.119
0.606,0.456,2.309,1.717,0.977,3.169
0.538,0.447,2.257,1.775,0.877,3.187
0.501,0.470,2.356,1.787,0.892,3.317
0.463,0.454,2.504,1.920,0.900,3.196
0.753,0.462,2.228,1.397,0.858,3.208
0.509,0.459,2.364,1.695,0.875,3.174
0.510,0.472,2.403,1.736,0.945,3.162
0.580,0.461,2.251,1.599,0.907,3.240
0.553,0.440,2.268,1.627,0.910,3.209
0.614,0.443,2.260,1.578,0.921,3.098
0.627,0.467,2.325,1.680,0.847,3.329
0.514,0.454,2.496,1.824,0.969,3.258
0.656,0.471,2.318,1.600,0.913,3.197
0.552,0.443,2.322,1.834,0.952,3.145
0.707,0.457,2.210,1.566,0.986,3.088
0.646,0.450,2.347,1.727,0.919,3.064
0.536,0.475,2.405,1.730,0.938,3.268
0.614,0.453,2.312,1.644,0.852,3.191
0.659,0.464,2.161,1.628,0.907,3.233
0.591,0.460,2.499,1.709,0.811,3.212
0.514,0.434,2.395,1.729,0.952,3.112
0.624,0.458,2.240,1.592,0.898,3.095
0.580,0.464,2.377,1.810,0.879,3.135
0.524,0.471,2.295,1.847,0.840,3.214
0.499,0.457,2.313,1.810,0.865,3.071
0.525,0.446,2.263,1.702,0.853,3.020
0.556,0.447,2.267,1.663,0.897,3.227
0.528,0.466,2.320,1.815,0.910,3.280
0.775,0.451,2.311,1.459,0.868,3.204
0.529,0.458,2.274,1.821,0.932,3.231
0.535,0.469,2.386,1.768,0.911,3.167
0.473,0.476,2.406,2.045,0.884,3.269
0.460,0.463,2.443,1.884,0.907,3.179
0.515,0.448,2.310,1.805,0.898,3.136
0.507,0.461,2.405,1.828,0.886,3.089
0.551,0.468,2.396,1.871,0.860,3.324
0.529,0.464,2.279,1.722,0.892,3.293
0.569,0.454,2.437,1.614,0.911,3.219
0.523,0.457,2.290,1.676,0.875,3.167
0.490,0.451,2.361,1.808,0.877,3.242
0.573,0.444,2.339,1.803,0.934,3.112
0.588,0.436,2.252,1.739,0.979,3.081
0.527,0.443,2.384,1.757,0.987,2.968
0.494,0.451,2.235,1.994,0.901,3.183
0.526,0.477,2.318,1.722,0.824,3.229
0.615,0.446,2.291,1.595,0.826,3.184
0.639,0.465,2.212,1.641,0.870,3.137
0.583,0.445,2.325,1.688,0.883,3.231
0.603,0.470,2.232,1.641,0.969,3.142
0.511,0.464,2.296,1.778,0.845,3.276
0.482,0.458,2.315,1.801,0.827,3.102
0.535,0.461,2.443,1.826,0.866,3.238
0.619,0.445,2.238,1.791,0.954,3.123
0.473,0.448,2.446,1.845,0.935,3.174
0.591,0.453,2.194,1.552,0.884,3.124
0.620,0.463,2.403,1.783,0.869,3.174
0.500,0.477,2.447,1.794,0.923,3.325
0.598,0.462,2.327,1.608,0.893,3.276
0.480,0.473,2.373,1.858,0.906,3.240
0.492,0.461,2.368,1.812,0.841,3.177
0.539,0.464,2.292,1.956,0.830,3.347
0.624,0.471,2.352,1.779,0.887,3.244
0.733,0.442,2.272,1.551,0.995,3.224
0.502,0.460,2.360,1.848,0.950,3.180
0.485,0.450,2.296,1.831,0.901,3.193
0.527,0.477,2.289,1.744,0.881,3.347
0.543,0.446,2.375,1.705,0.929,3.049
0.805,0.449,2.175,1.318,0.951,3.040
0.629,0.440,2.269,1.662,0.902,3.136
0.531,0.459,2.426,1.751,0.950,3.114
0.695,0.465,2.229,1.637,0.931,3.301
0.510,0.472,2.357,1.773,0.855,3.101
0.564,0.459,2.194,1.838,0.839,3.115
0.523,0.453,2.279,1.616,0.891,3.122
0.504,0.476,2.383,1.878,0.865,3.187
0.493,0.445,2.443,1.767,0.883,2.985
0.483,0.476,2.461,1.881,0.946,3.213
0.675,0.450,2.249,1.480,0.904,3.186
0.554,0.464,2.316,1.758,0.912,3.160
0.576,0.479,2.289,1.772,0.835,3.230
0.610,0.469,2.262,1.716,0.968,3.274
0.506,0.471,2.353,1.848,0.909,3.286
0.551,0.459,2.354,1.812,0.896,3.173
0.502,0.460,2.320,1.835,0.882,3.113
0.492,0.460,2.286,1.885,0.958,3.094
0.628,0.466,2.354,1.719,0.901,3.219
0.565,0.471,2.314,1.647,0.906,3.173
0.716,0.479,2.152,1.533,0.868,3.413
0.544,0.445,2.461,1.687,0.883,3.005
0.504,0.459,2.355,1.901,0.871,3.145
0.547,0.463,2.362,1.923,0.949,3.157
0.553,0.465,2.334,1.698,0.887,3.208
0.579,0.444,2.223,1.784,0.829,3.024
0.494,0.479,2.359,1.755,0.885,3.126
0.512,0.440,2.312,1.797,0.902,2.983
0.492,0.455,2.453,1.837,0.930,3.175
0.688,0.469,2.218,1.529,0.978,3.088
0.549,0.449,2.277,1.937,0.828,3.164
0.534,0.448,2.395,1.657,0.900,3.170
0.714,0.467,2.270,1.569,0.861,3.141
0.484,0.464,2.374,1.814,0.913,3.110
0.865,0.471,2.177,1.313,0.860,3.307
0.613,0.442,2.267,1.749,0.879,3.076
0.602,0.467,2.439,1.818,0.944,3.261
0.509,0.468,2.370,1.857,0.896,3.150
0.489,0.478,2.408,1.923,0.838,3.212
0.558,0.483,2.325,1.695,0.866,3.165
0.600,0.484,2.283,1.699,0.861,3.269
0.521,0.468,2.453,1.799,0.927,3.248
0.884,0.483,2.295,1.372,0.946,3.304
0.563,0.453,2.256,1.653,0.858,3.097
0.471,0.472,2.496,1.842,0.867,3.134
0.506,0.445,2.260,1.676,0.900,3.295
0.641,0.459,2.294,1.576,0.961,3.117
0.538,0.459,2.305,1.705,0.941,3.179
0.547,0.460,2.338,1.753,0.870,3.142
0.582,0.459,2.281,1.653,0.883,3.115
0.656,0.460,2.220,1.644,0.942,3.222
0.528,0.450,2.335,1.713,0.942,3.077
0.493,0.440,2.429,1.912,0.929,3.124
0.639,0.455,2.362,1.726,0.934,3.099
0.571,0.457,2.373,1.712,0.903,3.263
0.540,0.465,2.289,1.807,0.932,3.270
0.569,0.443,2.249,1.695,0.957,3.092
0.684,0.464,2.388,1.587,0.872,3.193
0.507,0.471,2.325,1.804,0.866,3.215
0.596,0.450,2.311,1.717,0.878,3.068
0.637,0.451,2.258,1.769,0.957,3.178
0.546,0.464,2.285,1.863,0.933,3.113
0.548,0.466,2.235,1.829,0.918,3.228
0.514,0.448,2.296,1.853,0.942,3.395
0.520,0.480,2.446,1.889,0.839,3.267
0.509,0.463,2.323,1.828,0.875,3.184
0.712,0.461,2.320,1.589,0.924,3.186
0.505,0.483,2.488,1.829,0.853,3.304
0.590,0.465,2.262,1.702,0.951,3.206
0.486,0.446,2.369,1.840,0.932,3.161
0.621,0.464,2.259,1.689,0.893,3.006
0.532,0.445,2.464,1.792,0.926,3.101
0.555,0.470,2.348,1.738,0.897,3.272
0.487,0.462,2.503,1.662,0.935,3.184
0.521,0.453,2.366,1.815,0.850,3.092
0.756,0.459,2.241,1.439,0.938,3.184
0.720,0.469,2.214,1.667,0.924,3.199
0.759,0.443,2.278,1.473,0.817,3.145
0.562,0.450,2.287,1.590,0.899,3.040
0.542,0.444,2.261,1.573,0.835,3.250
0.552,0.449,2.372,1.871,0.896,3.207
0.557,0.461,2.454,1.836,0.913,3.191
0.491,0.445,2.317,1.823,0.884,3.162
0.542,0.455,2.236,1.761,0.931,3.158
0.485,0.470,2.375,1.887,0.911,3.388
0.575,0.433,2.296,1.721,0.927,2.968
0.525,0.472,2.392,1.780,0.937,3.348
0.598,0.471,2.390,1.749,0.976,3.272
0.518,0.466,2.410,1.875,0.914,3.054
0.585,0.455,2.249,1.540,0.875,3.185
0.517,0.465,2.456,1.920,0.939,3.186
0.527,0.455,2.212,1.735,0.869,3.217
0.724,0.442,2.295,1.758,0.857,2.915
0.562,0.457,1.799,1.803,0.949,3.300
0.528,0.459,2.450,1.914,0.915,3.132
0.477,0.445,2.304,1.830,0.899,3.009
0.490,0.449,2.353,1.827,0.898,3.160
0.547,0.456,2.375,1.692,0.890,3.158
0.668,0.439,2.323,1.475,0.843,3.160
0.534,0.443,2.364,1.705,0.948,3.111
0.558,0.475,2.361,1.613,0.994,3.309
0.497,0.439,2.394,1.939,0.859,3.124
0.487,0.450,2.434,1.889,0.889,3.183
0.512,0.465,2.246,1.777,0.866,3.121
0.496,0.438,2.328,1.830,0.924,2.997
0.528,0.464,2.386,1.947,0.893,3.182
0.623,0.471,2.374,1.649,0.928,3.297
0.547,0.465,2.400,1.804,0.934,3.208
0.489,0.470,2.408,1.858,0.921,3.256
0.535,0.451,2.274,1.680,0.954,3.226
0.550,0.454,2.352,1.666,0.912,3.173
0.502,0.448,2.410,1.804,0.873,3.176
0.480,0.477,2.389,1.888,0.900,3.255
0.497,0.475,2.401,1.874,0.905,3.194
0.496,0.457,2.441,1.763,0.837,3.090
0.607,0.475,2.328,1.730,0.840,3.296
0.507,0.449,2.271,1.762,0.897,3.256
0.534,0.474,2.348,1.860,0.905,3.232
0.524,0.467,2.360,1.737,0.849,3.262
0.517,0.491,2.418,1.751,0.877,3.429
0.537,0.463,2.366,1.817,0.886,3.202
0.617,0.449,2.281,1.697,0.875,3.126
0.552,0.456,2.366,1.787,0.979,3.208
0.523,0.466,2.334,1.764,0.876,3.306
0.548,0.447,2.307,1.631,0.958,3.288
0.565,0.482,2.231,1.734,0.880,3.211
0.513,0.452,2.243,1.837,0.841,3.174
0.484,0.468,2.368,1.844,0.876,3.079
0.550,0.480,2.283,1.615,0.877,3.307
0.489,0.469,2.390,1.799,0.872,3.220
0.508,0.458,2.293,1.847,0.878,3.300
0.545,0.456,2.262,1.802,0.915,3.141
0.600,0.479,2.370,1.711,0.879,3.156
0.562,0.467,2.341,1.728,0.832,3.239
0.742,0.467,2.283,1.493,0.748,3.131
0.692,0.456,2.240,1.430,1.025,2.971
0.579,0.478,2.212,1.746,0.971,3.324
0.650,0.451,2.164,1.555,0.979,3.101
0.496,0.460,2.478,1.680,0.967,3.100
0.626,0.471,2.213,1.708,0.869,3.264
0.511,0.464,2.468,1.825,0.876,3.211
0.514,0.460,2.372,1.894,0.917,3.195
0.584,0.473,2.176,1.697,0.868,3.163
0.634,0.460,2.290,1.518,0.848,3.324
0.607,0.474,2.314,1.606,0.910,3.125
0.731,0.471,2.248,1.527,0.876,3.346
0.492,0.474,2.358,1.946,0.847,3.263
0.534,0.454,2.345,1.828,0.907,3.208
0.694,0.463,2.259,1.647,1.005,3.183
0.705,0.463,2.181,1.480,0.955,3.203
0.717,0.485,2.406,1.582,0.958,3.499
0.658,0.455,2.295,1.473,0.834,3.165
0.489,0.472,2.366,1.814,0.857,3.298
0.713,0.455,2.199,1.452,0.876,3.105
0.499,0.476,2.471,1.762,0.843,3.328
0.670,0.461,2.226,1.683,0.933,3.217
0.762,0.487,2.192,1.534,0.997,3.337
0.587,0.471,2.345,1.652,0.943,3.217
0.719,0.463,2.179,1.577,0.823,3.210
0.553,0.454,2.300,1.773,0.983,3.146
0.506,0.457,2.295,1.871,0.841,3.124
0.608,0.470,2.280,1.791,0.854,3.302
0.720,0.453,2.325,1.586,0.878,3.149
0.521,0.477,2.374,1.820,0.852,3.166
0.484,0.451,2.392,1.951,0.839,3.059
0.794,0.459,2.043,1.298,0.964,3.341
0.502,0.477,2.394,1.820,0.856,3.173
0.604,0.463,2.209,1.779,0.925,3.156
0.483,0.455,2.406,1.830,0.885,3.072
0.716,0.470,2.279,1.599,0.811,3.354
0.504,0.469,2.509,1.637,0.873,3.265
0.665,0.481,2.256,1.652,0.818,3.295
0.741,0.484,2.314,1.498,0.928,3.175
0.543,0.472,2.440,1.883,0.907,3.233
0.590,0.452,2.381,1.783,0.974,3.097
0.654,0.475,2.193,1.477,0.921,3.252
0.779,0.453,2.113,1.474,0.990,3.182
0.496,0.458,2.387,1.879,0.887,3.219
0.764,0.469,2.262,1.489,0.855,3.415
0.511,0.460,2.439,1.815,0.886,3.247
0.678,0.468,2.318,1.443,0.956,3.328
0.726,0.462,2.293,1.592,0.838,3.231
0.556,0.437,2.181,1.790,0.904,3.203
0.615,0.466,2.281,1.456,0.857,3.208
0.544,0.460,2.366,1.822,0.916,3.149
0.631,0.452,2.385,1.649,0.877,3.183
0.508,0.462,2.400,1.883,0.884,3.162
0.531,0.477,2.342,1.851,0.944,3.310
0.569,0.452,2.278,1.629,0.826,3.217
0.492,0.457,2.414,1.863,0.887,3.168
0.588,0.441,2.400,1.745,0.911,3.182
0.483,0.467,2.317,1.955,0.878,3.259
0.534,0.434,2.243,1.682,0.929,3.083
0.829,0.453,2.146,1.437,0.958,3.218
0.545,0.487,2.489,1.876,0.886,3.293
0.457,0.456,2.409,1.998,0.841,3.032
0.474,0.469,2.525,1.741,0.877,3.314
0.589,0.452,2.365,1.604,0.958,3.155
0.654,0.463,2.388,1.636,0.971,3.219
0.490,0.469,2.286,1.794,0.891,3.174
0.690,0.455,2.207,1.421,0.927,3.189
0.641,0.442,2.323,1.601,0.910,3.096
0.673,0.448,2.308,1.477,0.838,3.210
0.547,0.461,2.354,1.812,0.962,3.169
0.694,0.456,2.205,1.507,0.929,3.259
0.607,0.464,2.244,1.792,0.902,3.213
0.475,0.451,2.315,1.789,0.883,3.140
0.584,0.480,2.355,1.733,0.898,3.254
0.561,0.471,2.287,1.726,0.821,3.252
0.520,0.472,2.476,1.797,0.892,3.320
0.502,0.461,2.502,1.760,0.958,3.212
0.561,0.464,2.259,1.731,0.909,3.231
0.714,0.483,2.047,1.430,0.999,3.324
0.567,0.439,2.309,1.703,0.930,3.284
0.580,0.449,2.281,1.694,0.959,3.199
0.502,0.474,2.344,1.779,0.884,3.267
0.584,0.430,2.315,1.719,0.988,3.047
0.583,0.436,2.367,1.758,0.934,3.091
0.520,0.449,2.305,1.743,0.876,3.290
0.615,0.459,2.380,1.604,0.946,3.257
0.744,0.453,2.231,1.461,0.993,3.200
0.560,0.456,2.363,1.741,0.956,3.134
0.701,0.448,2.282,1.571,0.916,3.303
0.772,0.450,2.261,1.397,0.996,3.135
0.501,0.459,2.334,1.900,0.958,3.102
0.646,0.480,2.266,1.617,0.915,3.303
0.634,0.463,2.356,1.643,0.945,3.124
0.635,0.450,2.246,1.603,0.933,3.082
0.703,0.448,2.195,1.683,0.924,3.339
0.512,0.461,2.314,1.704,0.916,3.168
0.635,0.479,2.278,1.655,0.918,3.329
0.781,0.476,2.092,1.338,0.876,3.328
0.508,0.467,2.406,1.823,0.913,3.127
0.591,0.459,2.352,1.689,0.909,3.156
0.503,0.479,2.340,1.725,0.910,3.308
0.883,0.464,2.119,1.239,0.885,3.234
0.526,0.492,2.471,1.769,0.918,3.177
0.561,0.462,2.470,1.647,0.861,3.299
0.574,0.470,2.446,1.795,0.825,3.203
0.761,0.456,2.241,1.428,0.849,3.192
0.531,0.460,2.254,1.768,0.967,3.162
0.517,0.471,2.330,1.812,0.831,3.083
0.461,0.449,2.465,1.950,0.909,3.181
0.504,0.438,2.311,1.733,0.862,2.963
0.584,0.432,2.179,1.540,0.907,3.165
0.558,0.465,2.226,1.779,0.864,3.189
0.685,0.472,2.238,1.754,0.996,3.200
0.500,0.464,2.378,1.792,0.920,3.236
0.517,0.461,2.382,1.702,0.891,3.172
0.485,0.470,2.521,1.834,0.911,3.271
0.531,0.440,2.325,1.811,0.883,3.153
0.682,0.452,2.380,1.602,0.900,3.101
0.855,0.456,2.253,1.151,0.855,3.227
0.618,0.457,2.418,1.620,0.953,3.172
0.560,0.483,2.229,1.811,0.946,3.174
0.645,0.458,2.169,1.446,0.977,3.091
0.635,0.457,2.252,1.537,0.886,3.154
0.822,0.465,2.218,1.448,0.934,3.271
0.544,0.457,2.460,1.818,0.947,3.105
0.548,0.459,2.429,1.700,0.885,3.293
0.503,0.463,2.615,2.000,0.929,3.260
0.659,0.458,2.161,1.510,0.987,3.099
0.514,0.461,2.555,1.682,0.958,3.217
0.581,0.482,2.287,1.686,0.820,3.305
0.491,0.471,2.353,1.881,0.959,3.148
0.701,0.455,2.325,1.561,0.829,3.249
0.583,0.457,2.305,1.763,0.952,2.968
0.482,0.471,2.386,1.873,0.943,3.172
0.609,0.473,2.287,1.625,0.835,3.118
0.611,0.451,2.277,1.550,0.932,3.152
0.657,0.468,2.120,1.468,0.942,3.242
0.609,0.454,2.353,1.615,0.972,3.226
0.504,0.480,2.535,1.855,0.903,3.312
0.523,0.479,2.429,1.857,0.925,3.261
0.725,0.459,2.192,1.463,0.976,3.097
0.498,0.467,2.407,1.693,0.931,3.204
0.537,0.465,2.426,1.848,0.964,3.165
0.545,0.454,2.400,1.642,0.904,3.073
0.749,0.483,2.305,1.562,0.830,3.272
0.547,0.465,2.360,1.750,1.001,3.197
0.536,0.461,2.340,1.817,0.904,3.205
0.556,0.477,2.347,1.812,0.971,3.112
0.596,0.461,2.458,1.865,0.977,3.226
0.572,0.466,2.375,1.780,0.899,3.230
0.594,0.449,2.289,1.800,0.914,3.242
0.516,0.473,2.441,1.821,0.931,3.234
0.614,0.481,2.373,1.661,0.959,3.265
0.517,0.459,2.332,1.866,0.883,3.321
0.568,0.487,2.221,1.715,0.885,3.343
0.496,0.475,2.397,1.861,0.910,3.390
0.500,0.458,2.347,1.765,0.917,3.232
0.625,0.454,2.274,1.598,0.854,3.211
0.550,0.459,2.398,1.721,0.896,3.140
0.532,0.467,2.312,1.681,0.907,3.283
0.544,0.459,2.344,1.728,0.916,3.176
0.585,0.473,2.480,1.743,0.937,3.399
0.551,0.470,2.401,1.761,0.915,2.967
0.560,0.481,2.390,1.721,0.973,3.231
0.611,0.453,2.249,1.563,1.002,3.085
0.566,0.476,2.316,1.778,0.944,3.223
0.688,0.470,2.195,1.462,1.015,3.309
0.693,0.479,2.374,1.459,1.004,3.171
0.623,0.451,2.186,1.499,0.873,3.178
0.527,0.456,2.396,1.875,0.903,3.196
0.506,0.476,2.372,1.802,0.834,3.144
0.548,0.454,2.435,1.727,0.936,3.267
0.596,0.434,2.417,1.635,1.017,3.087
0.482,0.443,2.284,1.919,0.923,3.180
0.493,0.459,2.222,1.886,0.945,3.218
0.495,0.472,2.355,1.912,0.944,3.209
0.479,0.443,2.252,1.888,0.844,3.204
0.627,0.455,2.311,1.581,0.935,3.174
0.540,0.437,2.302,1.774,0.907,3.130
0.539,0.483,2.471,1.776,0.974,3.215
0.638,0.467,2.368,1.613,0.966,3.355
0.557,0.466,2.337,1.792,0.860,3.208
0.549,0.476,2.404,1.822,0.897,3.169
0.530,0.464,2.336,1.801,0.899,3.327
0.481,0.465,2.458,1.893,0.914,3.194
0.513,0.480,2.429,1.853,0.933,3.423
0.606,0.470,2.267,1.609,0.894,3.262
0.562,0.463,2.301,1.616,0.891,3.067
0.507,0.458,2.444,1.934,0.988,3.099
0.505,0.474,2.363,1.740,0.914,3.261
0.692,0.457,2.264,1.617,0.927,3.267
0.519,0.453,2.405,1.817,0.961,3.293
0.510,0.457,2.372,1.652,0.968,3.188
0.862,0.474,2.030,1.293,0.906,3.237
0.563,0.450,2.321,1.673,0.930,3.183
0.780,0.461,2.248,1.593,0.864,3.347
0.594,0.461,2.263,1.631,0.879,3.302
0.526,0.458,2.468,1.829,0.965,3.235
0.556,0.472,2.430,1.753,0.866,3.279
0.628,0.477,2.298,1.694,0.860,3.521
0.576,0.475,2.371,1.774,0.900,3.326
0.580,0.440,2.327,1.782,0.891,3.110
0.662,0.452,2.371,1.732,0.949,3.195
0.516,0.453,2.417,1.740,0.879,3.120
0.554,0.469,2.281,1.875,0.936,3.167
0.596,0.445,2.252,1.723,0.902,3.109
0.531,0.462,2.469,1.784,0.959,3.224
0.580,0.471,2.376,1.719,0.917,3.267
0.524,0.440,2.240,1.782,0.857,3.008
0.559,0.456,2.403,1.907,0.915,3.127
0.514,0.448,2.513,1.904,0.934,3.068
0.565,0.468,2.301,1.706,0.901,3.353
0.537,0.476,2.233,1.743,0.894,3.230
0.513,0.464,2.527,1.844,0.886,3.184
0.594,0.469,2.365,1.771,0.886,3.227
0.538,0.445,2.349,1.839,0.940,3.176
0.537,0.463,2.354,1.690,0.913,3.170
0.509,0.453,2.303,1.722,0.910,3.080
0.543,0.464,2.252,1.777,0.896,3.291
0.588,0.467,2.461,1.710,0.916,3.206
0.697,0.443,2.276,1.461,0.844,3.245
0.592,0.460,2.346,1.825,0.834,3.272
0.520,0.464,2.317,1.747,0.842,3.251
0.501,0.454,2.456,1.885,0.956,3.092
0.664,0.459,2.216,1.537,0.997,3.070
0.556,0.457,2.305,1.827,0.976,3.212
0.517,0.461,2.414,1.828,0.934,3.252
0.520,0.461,2.345,1.733,0.923,3.151
0.576,0.467,2.229,1.608,0.918,3.150
0.614,0.456,2.324,1.741,0.865,3.089
0.639,0.453,2.116,1.417,1.093,3.039
0.732,0.465,2.233,1.599,0.863,3.284
0.632,0.443,2.236,1.661,0.932,3.091
0.555,0.441,2.273,1.729,0.950,3.164
0.552,0.473,2.323,1.881,0.905,3.276
0.519,0.482,2.518,1.802,0.942,3.247
0.897,0.445,2.082,1.390,0.835,3.354
0.604,0.457,2.207,1.717,0.903,3.158
0.490,0.445,2.237,1.748,0.890,3.108
0.644,0.452,2.272,1.682,0.892,3.077
0.536,0.458,2.302,1.817,0.886,3.096
0.617,0.456,2.234,1.490,0.933,3.208
0.587,0.458,2.410,1.666,0.939,3.129
0.765,0.449,2.261,1.462,0.985,3.291
0.510,0.453,2.394,1.784,0.933,3.275
0.892,0.469,2.133,1.318,0.993,3.287
0.590,0.468,2.280,1.721,0.864,3.261
0.495,0.457,2.312,1.806,0.960,3.078
0.514,0.486,2.237,1.756,0.886,3.300
0.754,0.465,2.295,1.576,0.950,3.112
0.631,0.460,2.282,1.771,0.938,3.239
0.530,0.469,2.316,1.822,0.876,3.190
0.557,0.478,2.186,1.765,0.921,3.189
0.540,0.466,2.339,1.753,0.953,3.220
0.519,0.473,2.280,1.755,0.944,3.158
0.643,0.467,2.306,1.710,0.898,3.174
0.539,0.460,2.361,1.667,0.941,3.242
0.524,0.472,2.373,1.864,0.913,3.309
0.525,0.460,2.332,1.771,0.863,3.205
0.535,0.445,2.397,1.880,0.939,3.085
0.734,0.487,2.048,1.440,0.981,3.378
0.530,0.467,2.347,1.766,0.906,3.292
0.458,0.457,2.265,1.949,0.850,3.068
0.526,0.447,2.210,1.711,0.969,3.191
0.540,0.455,2.295,1.775,0.883,3.217
0.541,0.447,2.334,1.712,0.940,3.145
0.558,0.469,2.374,1.676,0.919,3.119
0.535,0.462,2.317,1.819,0.917,3.212
0.568,0.445,2.296,1.837,0.948,3.216
0.493,0.445,2.372,1.895,0.940,3.157
0.544,0.456,2.332,1.779,0.971,3.299
0.612,0.435,2.360,1.508,0.982,3.216
0.585,0.454,2.375,1.642,0.859,3.282
0.571,0.453,2.345,1.754,0.918,3.190
0.536,0.454,2.325,1.775,0.972,3.168
0.599,0.463,2.241,1.600,0.972,3.180
0.536,0.470,2.288,1.764,0.942,3.214
0.606,0.443,2.284,1.569,0.931,2.991
0.547,0.458,2.347,1.812,0.924,3.229
0.496,0.476,2.294,1.796,0.888,3.192
0.556,0.495,2.335,1.778,0.928,3.341
0.519,0.499,2.308,1.812,0.947,3.349
0.503,0.463,2.253,1.803,0.901,3.175
0.484,0.461,2.426,2.034,0.900,3.184
0.851,0.455,2.113,1.337,0.889,3.075
0.542,0.477,2.316,1.788,0.914,3.255
0.574,0.474,2.430,1.811,0.977,3.251
0.499,0.468,2.366,1.970,0.906,3.099
0.529,0.440,2.416,1.930,0.881,3.093
0.645,0.420,2.182,1.765,0.931,2.988
0.451,0.454,2.488,1.860,0.884,3.054
0.492,0.487,2.202,1.828,0.890,3.176
0.668,0.454,2.370,1.589,0.947,3.124
0.563,0.452,2.242,1.938,0.858,3.226
0.620,0.460,2.195,1.838,0.882,3.176
0.539,0.486,2.320,1.734,0.917,3.377
0.731,0.482,2.177,1.560,0.916,3.264
0.497,0.498,2.333,1.900,0.878,3.463
0.534,0.470,2.267,1.841,0.938,3.082
0.594,0.473,2.413,1.748,0.942,3.353
0.496,0.451,2.487,1.760,0.854,3.157
0.555,0.467,2.265,1.737,0.905,3.201
0.519,0.468,2.500,1.848,0.928,3.266
0.586,0.490,2.265,1.769,0.928,3.313
0.493,0.460,2.300,1.643,0.876,3.161
0.524,0.460,2.268,1.874,0.884,3.220
0.583,0.470,2.078,1.927,0.929,3.129
0.628,0.483,2.144,1.626,0.935,3.136
0.619,0.461,2.291,1.725,0.949,3.100
0.580,0.476,2.098,1.696,0.938,3.211
0.484,0.464,2.281,1.825,0.951,3.145
0.619,0.481,2.209,1.673,0.947,3.114
0.513,0.444,2.315,1.904,0.834,3.068
0.510,0.476,2.372,1.975,0.867,3.165
0.634,0.474,2.198,1.717,0.944,3.172
0.792,0.467,2.116,1.367,0.941,3.309
0.473,0.457,2.290,1.867,0.909,3.255
0.498,0.475,2.367,1.768,0.875,3.308
0.589,0.467,2.284,1.684,0.993,3.217
0.523,0.464,2.286,1.905,0.915,3.061
0.525,0.471,2.331,1.811,0.908,3.433
0.533,0.493,2.267,1.742,0.824,3.274
0.637,0.466,2.128,1.603,0.908,3.239
0.624,0.482,2.262,1.575,0.915,3.237
0.658,0.466,2.220,1.524,0.997,3.128
0.659,0.474,2.264,1.679,0.922,3.231
0.539,0.468,2.345,1.913,0.903,3.205
0.629,0.451,2.267,1.589,0.932,3.149
0.885,0.459,2.197,1.300,0.866,3.012
0.533,0.488,2.332,1.933,0.846,3.330
0.529,0.468,2.222,1.680,0.886,3.247
0.604,0.462,2.236,1.547,0.875,3.150
0.459,0.462,2.605,1.866,0.992,3.342
0.596,0.465,2.157,1.626,0.955,3.333
0.549,0.444,2.351,2.052,0.889,3.010
0.516,0.486,2.213,1.853,0.861,3.230
0.823,0.490,2.304,1.291,0.952,3.405
0.562,0.471,2.297,1.680,0.876,3.276
0.507,0.471,2.266,1.813,0.890,3.257
0.501,0.473,2.249,1.805,0.872,3.183
0.585,0.473,2.311,1.754,0.838,3.137
0.624,0.453,2.099,1.661,0.954,3.150
0.604,0.457,2.274,1.680,0.931,3.020
0.485,0.450,2.352,1.931,0.917,3.127
0.552,0.434,2.309,1.679,0.879,3.106
0.504,0.458,2.480,1.901,0.921,3.311
0.598,0.443,2.299,1.794,0.906,3.289
0.586,0.465,2.330,1.649,0.862,3.188
0.544,0.448,2.325,1.928,0.869,2.992
0.521,0.426,2.407,1.906,0.945,2.979
0.572,0.462,2.456,1.778,0.953,3.328
0.631,0.455,2.245,1.715,1.017,3.166
0.517,0.471,2.519,2.040,0.891,3.359
0.595,0.443,2.306,1.755,0.882,3.235
0.523,0.445,2.324,1.732,0.909,3.258
0.726,0.434,2.248,1.633,0.865,3.134
0.446,0.457,2.419,2.002,0.902,3.281
0.668,0.435,2.216,1.685,0.998,3.187
0.529,0.467,2.331,1.686,0.885,3.332
0.711,0.444,2.166,1.620,1.061,3.017
0.522,0.444,2.274,1.876,0.874,3.001
0.678,0.471,2.262,1.531,1.030,3.380
0.834,0.438,2.082,1.396,0.969,3.125
0.659,0.451,2.084,1.639,0.935,3.121
0.554,0.429,2.374,1.778,0.822,3.114
0.601,0.434,2.255,1.685,0.880,2.852
0.565,0.452,2.285,1.807,0.924,3.177
0.872,0.456,2.161,1.375,0.844,3.243
0.501,0.432,2.471,1.836,0.961,3.144
0.611,0.429,2.272,1.703,0.857,3.071
0.497,0.451,2.327,1.678,0.837,3.089
0.648,0.419,2.183,1.650,0.877,3.064
0.561,0.435,2.238,1.865,0.931,3.167
0.552,0.454,2.162,1.892,0.865,3.171
0.614,0.460,2.268,1.923,0.828,3.046
0.853,0.427,2.019,1.562,0.920,3.134
0.466,0.436,2.418,1.958,0.864,3.101
0.499,0.424,2.276,1.927,0.868,3.033
0.574,0.437,2.343,1.804,0.876,3.073
0.496,0.447,2.457,1.862,0.918,3.214
0.627,0.432,2.295,1.702,0.867,2.995
0.729,0.432,2.244,1.639,0.812,3.041
0.603,0.461,2.156,1.608,0.917,3.404
0.686,0.445,2.245,1.533,0.898,3.096
0.580,0.445,2.251,1.804,0.896,3.057
0.711,0.428,2.215,1.734,0.873,3.027
0.638,0.450,2.287,1.654,1.006,3.045
0.619,0.445,2.283,1.515,0.958,3.073
0.566,0.438,2.248,1.872,0.901,3.009
0.752,0.432,2.218,1.546,0.909,3.191
0.498,0.455,2.431,1.956,0.916,3.246
0.648,0.442,2.290,1.745,0.853,2.991
0.552,0.426,2.261,1.601,0.882,3.064
0.538,0.441,2.248,1.808,0.837,3.155
0.557,0.441,2.313,1.630,0.927,3.150
0.515,0.448,2.439,1.854,0.878,3.071
0.607,0.451,2.322,1.852,0.916,3.118
0.685,0.433,2.097,1.569,0.901,3.041
0.529,0.468,2.403,1.940,0.966,3.268
0.515,0.474,2.592,1.823,0.941,3.305
0.490,0.460,2.461,1.894,0.903,3.346
0.553,0.461,2.350,1.859,0.839,3.092
0.556,0.470,2.253,1.842,0.882,3.225
0.694,0.453,2.170,1.543,0.900,3.018
0.508,0.445,2.238,1.775,0.903,2.985
0.545,0.450,2.319,1.698,0.885,3.026
0.539,0.459,2.276,1.773,0.810,3.398
0.530,0.468,2.435,1.695,0.876,3.256
0.575,0.452,2.163,1.772,0.902,3.347
0.578,0.448,2.302,1.803,0.874,3.140
0.663,0.438,2.307,1.619,0.981,3.364
0.628,0.453,2.178,1.651,0.941,3.131
0.478,0.456,2.454,1.899,0.888,3.119
0.563,0.452,2.270,2.073,0.901,3.098
0.742,0.454,2.231,1.389,0.912,3.304
0.540,0.446,2.295,1.960,0.822,3.098
0.626,0.471,2.314,1.728,0.901,3.291
0.530,0.434,2.356,1.846,0.922,2.986
0.508,0.439,2.304,1.750,0.814,3.238
0.534,0.434,2.358,1.938,0.900,2.952
0.509,0.434,2.321,2.092,0.807,2.971
0.590,0.459,2.262,1.846,0.857,3.303
0.510,0.433,2.231,1.986,0.892,2.966
0.488,0.452,2.401,2.024,0.856,3.188
0.489,0.467,2.379,1.851,0.840,3.261
0.668,0.443,2.268,1.612,0.921,3.129
0.605,0.444,2.370,1.745,0.857,3.165
0.543,0.439,2.213,1.731,0.927,3.189
0.562,0.453,2.182,1.969,0.810,3.070
0.677,0.436,2.286,1.751,0.927,3.085
0.524,0.440,2.252,1.850,0.913,3.179
0.699,0.461,2.235,1.471,0.864,3.252
0.537,0.461,2.235,1.747,0.901,3.242
0.515,0.439,2.259,1.669,0.826,3.168
0.602,0.440,2.309,1.823,0.859,3.216
0.569,0.443,2.212,1.555,0.981,3.067
0.522,0.440,2.339,1.956,0.890,3.123
0.717,0.471,2.236,1.680,0.862,3.179
0.518,0.461,2.395,1.863,0.865,3.275
0.699,0.440,2.236,1.496,0.921,3.170
0.808,0.439,2.168,1.590,0.914,3.065
0.768,0.437,2.240,1.683,0.935,3.060
0.728,0.446,2.321,1.553,0.924,3.229
0.484,0.458,2.347,2.067,0.896,3.266
0.574,0.447,2.458,1.800,0.902,3.264
0.670,0.445,2.292,1.558,0.910,3.194
0.580,0.430,2.294,1.908,0.862,3.192
0.472,0.448,2.570,1.997,0.947,3.198
0.507,0.450,2.286,1.935,0.893,3.444
0.485,0.464,2.352,2.095,0.872,3.167
0.488,0.430,2.473,1.971,0.948,3.317
0.815,0.472,2.101,1.273,0.972,3.434
0.590,0.456,2.262,1.978,0.880,3.044
0.762,0.454,2.175,1.652,0.970,3.102
0.466,0.459,2.362,2.201,0.865,3.235
0.517,0.432,2.364,2.102,0.900,3.084
0.619,0.456,2.324,1.556,0.914,3.159
0.473,0.449,2.371,1.903,0.941,3.209
0.520,0.446,2.143,1.735,0.877,3.289
0.539,0.454,2.446,1.951,0.925,3.228
0.761,0.452,2.245,1.473,1.013,3.268
0.628,0.453,2.159,1.982,0.870,3.117
0.556,0.442,2.331,1.873,0.942,3.167
0.472,0.442,2.428,1.829,0.865,3.165
0.612,0.452,2.214,1.832,0.956,3.287
0.572,0.440,2.348,1.735,0.954,3.292
0.473,0.449,2.331,1.769,0.945,3.224
0.486,0.433,2.304,1.983,0.890,3.386
0.531,0.441,2.235,1.734,0.913,3.270
0.505,0.465,2.351,1.851,0.856,3.132
0.472,0.459,2.341,1.897,0.949,3.041
0.533,0.449,2.357,1.807,0.929,3.147
0.543,0.436,2.417,1.747,0.951,3.064
0.488,0.445,2.265,1.805,0.962,3.003
0.503,0.440,2.446,1.727,0.921,3.035
0.532,0.453,2.413,1.754,0.931,3.200
0.492,0.445,2.365,1.715,0.974,3.056
0.517,0.463,2.485,1.937,0.983,3.234
0.491,0.417,2.650,1.913,0.948,3.186
0.493,0.460,2.436,1.774,1.055,3.236
0.497,0.453,2.336,1.779,0.949,3.275
0.487,0.439,2.419,1.870,1.018,3.093
0.483,0.445,2.379,1.732,0.939,3.110
0.559,0.458,2.355,1.926,0.940,3.109
0.534,0.430,2.269,1.805,0.970,3.016
0.530,0.468,2.500,1.904,1.039,3.146
0.544,0.454,2.342,1.685,0.920,3.248
0.502,0.443,2.536,1.897,0.949,3.291
0.477,0.431,2.322,1.772,0.952,3.035
0.531,0.436,2.198,1.800,0.972,3.073
0.453,0.455,2.343,1.805,0.918,3.221
0.619,0.422,2.396,1.691,0.953,3.215
0.500,0.446,2.368,1.822,0.949,3.170
0.529,0.440,2.312,1.802,0.909,3.106
0.524,0.450,2.432,1.754,0.993,3.169
0.460,0.451,2.320,1.960,0.914,3.176
0.497,0.438,2.336,1.940,0.901,3.172
0.507,0.450,2.398,1.856,0.938,3.291
0.518,0.439,2.387,1.855,0.979,3.196
0.676,0.456,2.345,1.738,0.925,3.209
0.531,0.447,2.327,1.781,0.958,3.230
0.506,0.458,2.404,1.770,0.938,3.106
0.529,0.443,2.506,1.857,0.975,3.181
0.504,0.472,2.344,1.894,0.965,3.162
0.463,0.472,2.511,2.001,0.929,3.243
0.633,0.440,2.256,1.725,0.923,3.342
0.490,0.463,2.338,1.855,0.847,3.141
0.523,0.444,2.277,1.732,0.960,3.191
0.508,0.463,2.417,1.724,0.930,3.244
0.667,0.448,2.219,1.497,1.076,3.164
0.512,0.449,2.340,1.753,0.948,3.083
0.523,0.467,2.392,1.736,0.957,3.271
0.532,0.454,2.347,1.838,0.889,3.148
0.516,0.451,2.268,1.971,0.925,3.273
0.519,0.425,2.200,1.670,0.936,3.126
0.587,0.451,2.389,1.695,0.939,3.104
0.554,0.450,2.319,1.816,0.928,3.181
0.516,0.427,2.395,1.739,0.974,3.132
0.594,0.441,2.253,1.738,1.059,3.105
0.450,0.460,2.412,1.912,0.967,3.181
0.569,0.454,2.384,1.711,0.932,3.304
0.513,0.456,2.491,1.985,0.950,3.259
0.502,0.461,2.333,1.888,0.927,3.326
0.499,0.440,2.282,1.795,0.941,3.023
0.519,0.444,2.223,1.919,0.916,3.210
0.491,0.444,2.369,1.808,0.953,3.181
0.507,0.438,2.176,1.917,0.926,3.053
0.527,0.456,2.431,1.734,1.025,3.151
0.503,0.457,2.323,1.845,1.001,3.096
0.529,0.447,2.297,1.770,0.954,3.218
0.495,0.456,2.189,1.829,0.917,3.183
0.487,0.468,2.370,1.807,0.974,3.079
0.517,0.439,2.370,1.739,0.926,3.086
0.541,0.449,2.406,1.624,0.891,3.114
0.517,0.454,2.323,1.747,0.929,3.125
0.524,0.454,2.396,1.836,0.976,3.297
0.499,0.451,2.326,1.869,0.892,3.249
0.480,0.435,2.471,1.796,0.957,3.125
0.539,0.444,2.267,1.783,0.937,3.204
0.516,0.453,2.489,1.940,0.971,3.243
0.489,0.456,2.392,1.820,0.926,3.219
0.503,0.475,2.320,1.846,0.965,3.232
0.465,0.434,2.380,1.796,0.919,3.109
0.590,0.440,2.350,1.570,0.887,3.135
0.530,0.462,2.402,1.849,0.911,3.185
0.534,0.455,2.210,1.772,0.879,3.238
0.541,0.432,2.182,1.829,0.915,3.131
0.483,0.475,2.434,1.858,0.987,3.166
0.508,0.456,2.295,1.926,0.998,3.146
0.542,0.442,2.299,1.750,0.905,3.115
0.480,0.449,2.372,1.812,0.914,3.166
0.483,0.431,2.427,1.789,0.934,3.134
0.537,0.447,2.441,1.754,0.962,3.264
0.497,0.464,2.355,1.859,0.935,3.125
0.512,0.443,2.309,1.817,0.939,3.067
0.622,0.450,2.333,1.702,0.938,3.269
0.500,0.462,2.348,1.862,0.903,3.329
0.486,0.441,2.273,1.732,0.912,3.092
0.582,0.452,2.290,1.636,0.911,3.212
0.511,0.447,2.433,1.813,0.888,3.144
0.510,0.451,2.287,1.837,1.003,3.203
0.508,0.456,2.349,1.762,0.966,3.165
0.472,0.441,2.375,1.946,0.933,2.998
0.544,0.462,2.265,1.658,0.974,3.262
0.594,0.452,2.186,1.711,0.917,3.223
0.554,0.452,2.469,1.754,0.961,3.135
0.496,0.456,2.291,1.836,0.912,3.149
0.615,0.460,2.353,1.692,0.947,3.172
0.499,0.468,2.382,1.877,0.951,3.092
0.533,0.437,2.324,1.781,0.929,3.075
0.490,0.461,2.371,1.815,0.979,3.139
0.531,0.466,2.335,1.743,0.968,3.170
0.562,0.448,2.296,1.787,0.986,3.284
0.478,0.453,2.419,1.817,0.991,3.181
0.563,0.457,2.290,1.683,0.946,3.291
0.506,0.461,2.306,1.736,0.978,3.215
0.461,0.427,2.361,1.899,0.992,3.031
0.499,0.475,2.460,1.880,0.969,3.223
0.542,0.440,2.333,1.738,0.982,3.272
0.486,0.464,2.474,1.889,1.007,3.177
0.481,0.450,2.336,1.930,0.944,3.195
0.483,0.451,2.333,1.881,0.900,3.130
0.480,0.456,2.417,1.870,0.978,3.136
0.462,0.437,2.236,1.822,0.922,3.084
0.500,0.444,2.326,1.830,0.954,3.155
0.527,0.451,2.224,1.841,0.933,3.120
0.485,0.446,2.396,1.864,0.956,3.152
0.479,0.455,2.329,1.851,0.935,3.217
0.521,0.465,2.488,1.850,0.909,3.282
0.499,0.449,2.413,1.865,0.937,3.193
0.511,0.458,2.400,1.830,0.952,3.240
0.517,0.449,2.340,1.873,0.956,3.076
0.552,0.446,2.335,1.726,0.918,3.110
0.663,0.427,2.026,1.781,0.919,3.008
0.499,0.439,2.266,1.876,0.944,3.125
0.488,0.462,2.467,1.982,0.971,3.231
0.503,0.431,2.209,1.877,0.933,3.081
0.495,0.434,2.290,1.824,0.908,3.087
0.507,0.444,2.285,1.983,0.943,3.124
0.477,0.446,2.379,1.790,0.992,3.102
0.496,0.455,2.381,1.817,0.901,3.204
0.670,0.450,2.252,1.529,0.973,3.201
0.455,0.442,2.476,1.934,0.926,3.195
0.504,0.471,2.307,1.804,0.922,3.376
0.534,0.448,2.290,1.865,0.961,3.127
0.577,0.439,2.333,1.823,0.919,3.120
0.579,0.436,2.259,1.649,0.883,3.258
0.553,0.472,2.351,1.698,0.891,3.418
0.537,0.437,2.399,1.668,0.984,3.331
0.817,0.451,2.124,1.482,1.031,3.035
0.486,0.437,2.293,1.821,0.891,3.158
0.477,0.440,2.353,1.819,0.930,3.068
0.557,0.444,2.215,1.637,0.966,3.135
0.526,0.468,2.269,1.735,0.911,3.255
0.480,0.465,2.371,1.848,1.029,3.213
0.507,0.464,2.443,1.845,0.933,3.237
0.499,0.463,2.373,1.786,0.974,3.337
0.474,0.429,2.264,1.817,0.936,3.021
0.501,0.452,2.452,1.855,0.980,3.184
0.477,0.453,2.391,1.792,1.000,3.228
0.484,0.428,2.319,1.929,0.934,3.203
0.504,0.434,2.301,1.784,0.987,3.081
0.528,0.464,2.440,1.676,1.058,3.213
0.503,0.446,2.329,1.894,0.908,3.143
0.500,0.453,2.437,1.775,0.955,3.195
0.479,0.452,2.396,1.840,0.911,3.197
0.455,0.451,2.430,1.860,0.964,3.111
0.466,0.453,2.373,1.912,0.956,3.236
0.484,0.437,2.350,1.703,0.947,3.206
0.528,0.442,2.351,1.899,0.969,3.299
0.494,0.429,2.261,1.866,0.941,3.087
0.512,0.445,2.388,1.792,0.939,3.172
0.526,0.455,2.251,1.730,0.973,3.200
0.482,0.434,2.220,1.740,0.950,3.033
0.471,0.453,2.412,1.814,0.969,3.158
0.516,0.475,2.485,1.846,0.953,3.261
0.491,0.457,2.424,1.899,0.943,3.192
0.694,0.430,2.245,1.535,1.030,3.161
0.537,0.417,2.313,1.740,0.957,3.066
0.519,0.462,2.332,1.900,0.894,3.232
0.514,0.442,2.420,1.809,0.981,3.124
0.491,0.452,2.341,1.875,1.013,3.042
0.510,0.439,2.478,1.935,1.013,3.169
0.492,0.445,2.367,1.904,0.922,3.274
0.493,0.452,2.303,1.705,0.915,3.235
0.605,0.431,2.350,1.724,0.996,3.006
0.477,0.450,2.429,1.910,0.937,3.100
0.594,0.435,2.297,1.611,0.984,3.277
0.563,0.450,2.295,1.719,0.964,3.276
0.685,0.449,2.140,1.580,0.946,3.102
0.527,0.449,2.256,1.857,0.894,3.310
0.537,0.459,2.349,1.772,0.927,3.223
0.563,0.439,2.293,1.678,0.925,3.191
0.492,0.425,2.307,1.784,0.953,3.131
0.537,0.460,2.348,1.748,0.923,3.274
0.498,0.451,2.387,1.831,0.950,3.174
0.492,0.447,2.537,1.893,1.026,3.213
0.546,0.452,2.311,1.843,0.917,3.148
0.658,0.458,2.355,1.711,0.904,3.308
0.571,0.446,2.336,1.703,0.988,3.221
0.506,0.453,2.356,1.742,1.007,3.050
0.588,0.445,2.289,1.719,0.950,3.042
0.543,0.448,2.363,1.782,0.952,3.156
0.476,0.426,2.374,1.815,0.968,3.129
0.548,0.455,2.498,1.742,0.983,3.270
0.505,0.479,2.440,1.819,0.929,3.305
0.618,0.430,2.246,1.740,0.895,3.136
0.601,0.464,2.367,1.707,0.940,3.330
0.629,0.449,2.115,1.644,0.908,3.163
0.587,0.432,2.262,1.614,0.956,3.215
0.506,0.471,2.457,1.895,0.962,3.148
0.542,0.475,2.302,1.952,0.879,3.415
0.483,0.472,2.413,1.880,0.923,3.183
0.660,0.450,2.093,1.547,0.969,3.114
0.523,0.458,2.373,1.722,0.976,3.197
0.584,0.466,2.286,1.697,0.967,3.147
0.530,0.434,2.506,1.910,0.990,3.015
0.620,0.452,2.301,1.626,0.959,3.319
0.513,0.465,2.387,1.903,0.942,3.238
0.554,0.455,2.310,1.574,0.954,3.255
0.522,0.461,2.537,1.833,0.983,3.167
0.537,0.472,2.358,1.776,0.938,3.330
0.551,0.431,2.379,1.763,0.900,2.949
0.714,0.447,2.180,1.479,0.927,3.218
0.467,0.462,2.389,1.805,0.914,3.250
0.498,0.428,2.331,1.773,0.945,3.154
0.470,0.464,2.394,1.966,0.934,3.006
0.499,0.468,2.417,1.866,0.943,3.260
0.506,0.428,2.377,1.781,0.960,3.101
0.569,0.438,2.335,1.778,0.973,3.207
0.566,0.437,2.221,1.752,0.977,3.051
0.484,0.450,2.487,1.873,0.968,3.053
0.624,0.442,2.349,1.760,0.959,3.199
0.563,0.461,2.287,1.867,0.987,3.091
0.525,0.459,2.476,1.841,0.944,3.253
0.464,0.447,2.468,1.939,1.006,3.114
0.507,0.458,2.561,1.874,0.978,3.232
0.534,0.451,2.414,1.781,0.909,3.114
0.552,0.449,2.264,1.573,0.960,3.329
0.497,0.452,2.426,1.820,0.918,3.255
0.523,0.468,2.392,1.768,0.899,3.247
0.621,0.441,2.256,1.745,0.882,3.092
0.622,0.442,2.204,1.580,0.913,3.224
0.489,0.461,2.355,1.998,0.997,3.137
0.529,0.452,2.203,1.709,0.900,3.143
0.484,0.447,2.178,1.816,0.888,3.054
0.477,0.460,2.419,1.853,0.942,3.259
0.513,0.447,2.380,1.821,0.948,3.167
0.546,0.457,2.409,1.816,0.894,3.309
0.490,0.450,2.365,1.794,0.940,3.150
0.543,0.442,2.364,1.677,0.985,3.264
0.580,0.446,2.375,1.929,1.002,3.085
0.536,0.446,2.378,1.674,0.936,2.943
0.511,0.448,2.398,1.816,0.947,3.252
0.509,0.435,2.332,1.764,0.892,3.033
0.546,0.443,2.245,1.735,0.923,3.166
0.596,0.428,2.378,1.725,0.973,3.204
0.540,0.440,2.238,1.755,0.887,3.247
0.516,0.474,2.274,1.787,0.946,3.251
0.611,0.451,2.336,1.697,0.928,3.233
0.476,0.456,2.462,1.840,0.903,3.255
0.488,0.454,2.315,1.804,0.936,3.022
0.463,0.476,2.397,1.846,0.899,3.456
0.578,0.434,2.266,1.686,0.970,3.178
0.535,0.439,2.325,1.819,0.960,3.055
0.523,0.448,2.483,1.801,1.006,3.281
0.518,0.466,2.418,1.724,0.930,3.145
0.532,0.460,2.574,1.946,0.939,3.226
0.575,0.452,2.325,1.703,0.899,3.281
0.524,0.461,2.450,1.931,0.979,3.227
0.491,0.470,2.463,1.915,0.934,3.319
0.533,0.435,2.332,1.831,0.912,3.175
0.501,0.463,2.477,1.859,0.902,3.155
0.608,0.442,2.309,1.689,1.039,3.097
0.506,0.441,2.390,1.792,0.964,3.130
0.507,0.461,2.374,1.934,0.905,3.165
0.500,0.453,2.303,1.958,1.006,3.147
0.527,0.447,2.420,1.816,0.836,3.293
0.563,0.443,2.254,1.814,0.903,3.200
0.522,0.461,2.473,1.760,0.892,3.265
0.484,0.492,2.432,1.863,0.963,3.292
0.477,0.440,2.339,1.895,0.953,3.047
0.610,0.458,2.239,1.716,1.003,3.171
0.471,0.449,2.463,1.816,0.947,3.087
0.531,0.463,2.439,1.830,0.954,3.180
0.506,0.450,2.291,1.909,1.050,3.109
0.539,0.454,2.449,1.895,1.006,3.245
0.581,0.447,2.123,1.757,0.959,3.214
0.544,0.456,2.241,1.890,0.943,3.130
0.641,0.440,2.255,1.565,0.986,3.275
0.490,0.451,2.348,1.899,0.966,3.136
0.516,0.454,2.307,1.813,0.965,3.079
0.543,0.419,2.426,1.679,0.973,3.094
0.516,0.445,2.204,1.735,0.917,3.258
0.582,0.426,2.270,1.694,1.018,3.111
0.499,0.447,2.480,1.738,0.967,3.124
0.639,0.438,2.253,1.648,0.970,3.173
0.499,0.445,2.305,1.829,0.969,3.234
0.519,0.416,2.267,1.768,0.885,3.023
0.573,0.424,2.278,1.714,0.998,3.064
0.677,0.421,2.152,1.491,1.039,3.120
0.552,0.435,2.300,1.640,1.024,3.163
0.524,0.470,2.378,1.815,0.932,3.219
0.556,0.442,2.311,1.836,1.024,3.038
0.511,0.447,2.389,1.755,0.954,3.135
0.476,0.452,2.365,1.819,0.947,3.006
0.496,0.458,2.462,1.829,0.941,3.170
0.519,0.452,2.509,1.733,0.870,3.166
0.510,0.453,2.290,1.799,0.977,3.119
0.503,0.463,2.350,1.624,0.963,3.069
0.464,0.451,2.407,1.907,0.926,3.069
0.593,0.449,2.401,1.683,1.014,3.053
0.490,0.460,2.348,1.789,0.899,3.176
0.516,0.441,2.428,1.888,0.887,2.967
0.543,0.469,2.510,1.778,0.999,3.252
0.463,0.434,2.471,1.926,0.930,3.075
0.606,0.443,2.319,1.699,0.982,3.118
0.714,0.440,2.118,1.513,0.976,3.116
0.510,0.463,2.391,1.914,0.929,3.240
0.589,0.459,2.324,1.710,0.877,3.333
0.475,0.469,2.274,1.782,0.967,3.117
0.509,0.458,2.379,1.766,0.994,3.237
0.494,0.451,2.489,1.745,0.978,3.069
0.508,0.446,2.313,1.721,0.953,2.999
0.513,0.458,2.233,1.903,0.921,3.185
0.577,0.446,2.346,1.765,0.972,3.014
0.541,0.446,2.121,1.696,0.912,3.074
0.503,0.445,2.460,1.878,0.969,3.048
0.527,0.467,2.439,1.769,0.985,3.228
0.566,0.438,2.340,1.726,0.927,3.049
0.570,0.448,2.262,1.682,0.955,3.065
0.514,0.441,2.343,1.887,0.994,3.058
0.577,0.445,2.288,1.647,1.003,3.146
0.514,0.438,2.422,1.854,0.936,3.028
0.476,0.442,2.326,1.815,0.965,3.044
0.493,0.489,2.481,1.782,0.936,3.253
0.492,0.458,2.449,1.771,1.016,3.060
0.752,0.446,2.163,1.407,1.044,3.108
0.500,0.446,2.307,1.910,0.854,3.111
0.492,0.457,2.446,1.783,0.847,3.181
0.504,0.447,2.333,1.860,0.955,3.140
0.676,0.453,2.254,1.703,0.972,3.335
0.541,0.448,2.337,1.743,1.012,3.130
0.505,0.461,2.286,1.810,0.960,3.329
0.484,0.449,2.378,1.903,0.961,3.081
0.504,0.452,2.379,1.866,1.010,3.132
0.497,0.438,2.294,1.750,0.914,3.145
0.491,0.456,2.415,1.858,0.876,3.164
0.480,0.451,2.478,1.818,0.951,3.121
0.484,0.468,2.435,1.925,0.947,3.207
0.491,0.476,2.400,1.987,0.869,3.183
0.494,0.446,2.421,1.745,0.979,3.077
0.515,0.452,2.229,1.844,0.939,3.159
0.538,0.465,2.273,1.734,0.959,3.191
0.521,0.432,2.208,1.765,1.012,3.097
0.453,0.437,2.339,1.869,0.892,3.070
0.482,0.440,2.317,1.808,0.920,3.016
0.510,0.443,2.422,1.790,0.962,3.211
0.523,0.433,2.418,1.826,1.050,3.093
0.540,0.461,2.321,1.617,0.898,3.324
0.552,0.441,2.333,1.717,0.889,3.072
0.629,0.456,2.436,1.702,1.045,3.005
0.621,0.461,2.206,1.650,0.981,3.031
0.515,0.453,2.283,1.868,0.909,3.136
0.489,0.459,2.354,1.880,0.913,3.046
0.489,0.450,2.452,1.839,0.902,3.206
0.525,0.472,2.496,1.729,0.944,3.388
0.586,0.450,2.305,1.666,0.935,3.076
0.575,0.443,2.385,1.784,1.004,3.134
0.517,0.450,2.403,1.723,0.992,3.143
0.501,0.454,2.348,1.870,0.942,3.201
0.481,0.447,2.434,1.996,0.928,3.121
0.562,0.463,2.198,1.763,0.964,3.125
0.551,0.445,2.266,1.771,0.942,3.121
0.500,0.449,2.428,1.854,0.972,3.075
0.518,0.440,2.466,1.647,0.958,3.024
0.592,0.467,2.413,1.688,0.932,3.266
0.570,0.462,2.212,1.799,0.962,3.253
0.491,0.457,2.290,2.032,0.930,3.066
0.536,0.416,2.287,1.679,0.926,3.023
0.522,0.439,2.343,1.841,0.942,3.047
0.625,0.434,2.305,1.825,0.914,3.070
0.584,0.455,2.238,1.654,0.994,3.129
0.521,0.430,2.303,1.720,0.968,2.948
0.553,0.442,2.375,1.713,0.952,3.111
0.509,0.440,2.396,1.728,0.950,3.164
0.592,0.439,2.193,1.724,0.929,3.113
0.505,0.445,2.287,1.786,0.971,3.200
0.522,0.445,2.327,1.803,0.958,3.121
0.453,0.450,2.375,1.859,0.957,3.182
0.474,0.444,2.330,1.702,0.955,3.099
0.499,0.470,2.375,1.784,0.930,3.209
0.524,0.417,2.309,1.913,0.972,3.084
0.521,0.451,2.234,1.817,0.933,3.267
0.506,0.452,2.169,1.854,0.959,3.100
0.659,0.429,2.225,1.529,1.046,3.081
0.484,0.452,2.232,1.878,0.896,3.096
0.482,0.434,2.269,1.838,0.903,2.996
0.494,0.448,2.293,1.878,0.895,3.035