SIZE_0,SHAPE_1,SHAPE_2,SHAPE_3,SHAPE_4,SHAPE_5,SHAPE_7,SHAPE_8,SHAPE_9
238.8,0.748,0.488,1.957,1.097,1.291,1.349,0.972,3.257
213.8,0.603,0.475,2.122,1.274,1.346,1.386,1.051,3.205
204.0,0.590,0.487,2.146,1.417,1.223,1.383,1.112,3.394
207.6,0.528,0.460,2.116,1.329,1.468,1.448,1.019,3.282
204.7,0.587,0.478,2.116,1.279,1.292,1.424,1.076,3.165
198.6,0.593,0.484,2.228,1.303,1.287,1.506,1.017,3.427
194.4,0.512,0.453,2.288,1.357,1.362,1.545,1.002,3.241
206.0,0.482,0.455,2.232,1.504,1.342,1.506,1.091,3.294
207.6,0.583,0.462,2.156,1.273,1.334,1.453,1.024,3.237
199.4,0.569,0.455,2.242,1.434,1.441,1.451,1.059,3.329
198.1,0.559,0.463,2.191,1.316,1.303,1.599,1.088,3.410
200.9,0.617,0.469,2.139,1.342,1.418,1.338,1.114,3.221
191.8,0.560,0.469,2.181,1.337,1.389,1.435,1.001,3.122
208.1,0.544,0.453,2.157,1.312,1.453,1.404,1.018,3.212
199.3,0.568,0.440,2.089,1.372,1.386,1.462,1.013,3.322
212.1,0.573,0.477,2.207,1.387,1.344,1.448,1.083,3.381
210.8,0.472,0.458,2.285,1.658,1.379,1.618,1.140,3.306
211.3,0.576,0.460,2.177,1.264,1.473,1.475,0.951,3.375
194.2,0.465,0.458,2.296,1.474,1.242,1.682,0.944,3.101
199.3,0.541,0.482,2.139,1.406,1.401,1.556,0.962,3.357
201.7,0.535,0.463,2.296,1.340,1.356,1.525,1.025,3.225
200.9,0.492,0.453,2.360,1.420,1.228,1.459,1.035,3.184
222.0,0.623,0.455,2.040,1.452,1.280,1.389,1.092,3.343
218.6,0.518,0.463,2.129,1.298,1.411,1.462,0.962,3.319
207.8,0.565,0.488,2.199,1.323,1.394,1.471,1.089,3.316
199.1,0.555,0.480,2.309,1.292,1.291,1.548,0.971,3.233
208.0,0.531,0.485,2.213,1.240,1.363,1.520,0.953,3.462
217.3,0.564,0.464,2.054,1.275,1.314,1.391,1.049,3.408
226.1,0.713,0.482,1.962,1.238,1.378,1.260,1.064,3.312
207.7,0.509,0.453,2.264,1.332,1.322,1.408,1.014,3.255
194.7,0.564,0.473,2.118,1.343,1.294,1.450,1.064,3.309
193.5,0.512,0.472,2.141,1.285,1.405,1.605,0.927,3.394
212.9,0.578,0.462,2.152,1.343,1.293,1.417,1.051,3.234
225.9,0.647,0.460,2.058,1.296,1.248,1.481,1.071,3.338
223.1,0.602,0.462,2.045,1.275,1.393,1.471,0.997,3.188
209.2,0.555,0.459,2.151,1.376,1.476,1.473,1.029,3.222
202.1,0.571,0.486,2.079,1.291,1.253,1.606,0.936,3.493
210.5,0.553,0.466,2.109,1.286,1.346,1.590,0.971,3.227
194.7,0.581,0.476,2.133,1.306,1.313,1.436,1.045,3.354
205.0,0.516,0.478,2.191,1.455,1.487,1.475,1.055,3.425
232.7,0.730,0.481,2.056,1.199,1.364,1.242,0.985,3.204
216.6,0.562,0.450,2.060,1.218,1.377,1.517,1.010,3.344
204.7,0.530,0.468,2.199,1.390,1.408,1.515,1.023,3.194
219.4,0.538,0.468,2.164,1.305,1.314,1.586,1.059,3.283
207.3,0.624,0.468,2.096,1.246,1.314,1.406,1.009,3.341
195.7,0.519,0.467,2.256,1.350,1.293,1.546,1.018,3.176
197.7,0.588,0.466,2.198,1.319,1.345,1.487,1.013,3.236
209.3,0.582,0.474,2.025,1.320,1.379,1.414,1.007,3.431
204.3,0.517,0.478,2.154,1.374,1.301,1.529,0.970,3.280
207.8,0.524,0.480,2.157,1.252,1.374,1.460,0.999,3.410
219.5,0.542,0.462,2.049,1.235,1.378,1.381,0.992,3.295
207.3,0.570,0.485,2.098,1.305,1.396,1.450,1.035,3.323
212.1,0.510,0.474,2.198,1.541,1.427,1.421,1.099,3.410
205.0,0.510,0.466,2.183,1.278,1.247,1.544,0.980,3.416
198.8,0.519,0.474,2.285,1.458,1.368,1.489,1.031,3.418
195.0,0.492,0.466,2.160,1.241,1.291,1.515,0.971,3.232
204.2,0.485,0.470,2.191,1.268,1.233,1.467,0.957,3.423
211.3,0.577,0.455,2.130,1.222,1.295,1.483,1.084,3.177
199.2,0.545,0.470,2.300,1.347,1.306,1.477,1.071,3.331
209.3,0.545,0.481,2.097,1.375,1.354,1.515,1.103,3.291
205.9,0.557,0.456,2.078,1.212,1.374,1.619,0.992,3.272
207.0,0.581,0.459,2.036,1.253,1.289,1.452,1.039,3.315
201.1,0.498,0.485,2.265,1.344,1.384,1.615,1.034,3.587
200.2,0.492,0.461,2.197,1.309,1.334,1.555,0.965,3.335
219.6,0.609,0.487,1.962,1.268,1.282,1.489,1.059,3.246
196.3,0.563,0.506,2.151,1.307,1.505,1.592,1.038,3.335
223.2,0.609,0.463,1.963,1.315,1.259,1.384,1.067,3.256
203.0,0.558,0.464,2.123,1.249,1.276,1.604,0.996,3.224
198.4,0.500,0.453,2.098,1.380,1.285,1.671,0.965,3.236
213.0,0.603,0.492,1.954,1.283,1.250,1.370,1.085,3.368
203.7,0.600,0.460,2.022,1.349,1.382,1.469,1.111,3.222
201.3,0.532,0.467,2.086,1.339,1.382,1.520,0.997,3.490
201.6,0.607,0.459,2.017,1.328,1.421,1.413,1.123,3.292
204.9,0.597,0.480,2.056,1.299,1.269,1.370,1.053,3.385
183.9,0.499,0.470,2.337,1.456,1.481,1.496,1.034,3.360
210.2,0.570,0.461,2.176,1.214,1.303,1.458,1.091,3.267
216.5,0.522,0.472,2.151,1.448,1.335,1.503,1.067,3.307
186.6,0.545,0.479,2.076,1.445,1.261,1.418,1.025,3.369
189.5,0.601,0.479,2.012,1.228,1.344,1.425,1.044,3.285
199.0,0.547,0.447,2.137,1.354,1.275,1.506,0.932,3.243
201.5,0.643,0.484,2.052,1.346,1.288,1.476,1.166,3.288
211.3,0.612,0.466,1.924,1.256,1.258,1.336,1.045,3.433
199.5,0.572,0.484,1.998,1.275,1.375,1.525,0.947,3.264
201.5,0.559,0.470,1.950,1.324,1.314,1.552,1.034,3.303
233.2,0.718,0.454,1.782,1.131,1.556,1.296,1.006,3.008
198.5,0.559,0.478,2.195,1.411,1.343,1.542,1.076,3.502
203.3,0.557,0.472,2.038,1.313,1.332,1.531,0.960,3.399
217.7,0.600,0.442,2.059,1.333,1.463,1.408,1.126,3.200
209.0,0.627,0.470,2.031,1.287,1.340,1.474,1.090,3.297
212.2,0.496,0.440,2.030,1.374,1.266,1.558,0.965,3.168
207.9,0.574,0.462,2.078,1.348,1.345,1.418,1.074,3.351
207.1,0.517,0.458,2.168,1.404,1.376,1.640,1.044,3.306
187.5,0.505,0.468,2.164,1.417,1.338,1.558,0.954,3.302
196.9,0.591,0.484,2.051,1.306,1.212,1.390,0.959,3.356
200.8,0.546,0.454,2.240,1.392,1.340,1.446,0.991,3.303
211.0,0.535,0.457,2.069,1.346,1.302,1.548,1.015,3.259
214.3,0.584,0.471,2.052,1.305,1.349,1.419,1.038,3.328
222.9,0.595,0.492,2.190,1.371,1.186,1.376,1.073,3.416
194.3,0.539,0.479,2.187,1.405,1.413,1.604,1.043,3.341
216.1,0.658,0.470,2.110,1.206,1.385,1.416,1.170,3.326
203.5,0.528,0.456,2.242,1.407,1.441,1.501,1.035,3.434
196.3,0.508,0.480,2.318,1.438,1.287,1.518,0.999,3.493
206.7,0.486,0.464,2.290,1.457,1.345,1.600,1.009,3.285
206.1,0.537,0.466,2.211,1.454,1.440,1.473,1.067,3.262
196.9,0.520,0.446,2.186,1.532,1.384,1.605,1.051,3.221
184.5,0.523,0.482,2.196,1.369,1.372,1.625,0.963,3.468
211.7,0.635,0.468,1.999,1.218,1.298,1.359,1.059,3.302
202.8,0.535,0.462,2.172,1.267,1.383,1.448,0.965,3.218
197.2,0.514,0.473,2.162,1.355,1.285,1.632,0.942,3.385
204.2,0.565,0.459,2.098,1.236,1.285,1.528,1.069,3.397
211.0,0.529,0.466,2.096,1.269,1.310,1.430,1.008,3.315
209.4,0.552,0.461,2.121,1.267,1.324,1.480,1.028,3.392
206.2,0.571,0.478,2.011,1.319,1.337,1.455,1.070,3.412
224.6,0.638,0.471,1.959,1.130,1.363,1.413,1.065,3.320
200.4,0.547,0.469,2.076,1.413,1.374,1.450,1.043,3.369
190.1,0.624,0.484,1.961,1.292,1.254,1.375,0.987,3.361
194.3,0.523,0.451,2.226,1.276,1.286,1.557,1.012,3.259
216.0,0.603,0.456,1.947,1.180,1.343,1.599,0.988,3.271
198.9,0.504,0.468,2.251,1.447,1.379,1.498,1.143,3.460
204.5,0.554,0.482,2.070,1.312,1.430,1.600,1.109,3.206
217.3,0.501,0.453,2.196,1.349,1.287,1.524,0.980,3.348
218.7,0.611,0.468,1.991,1.199,1.358,1.324,1.011,3.257
216.1,0.605,0.473,1.973,1.242,1.252,1.457,1.088,3.242
208.4,0.560,0.459,2.177,1.347,1.339,1.566,1.033,3.247
209.3,0.590,0.465,2.037,1.264,1.467,1.343,0.968,3.215
192.2,0.503,0.467,2.204,1.363,1.201,1.648,0.998,3.285
198.7,0.540,0.464,2.176,1.314,1.179,1.581,1.014,3.295
195.1,0.534,0.461,2.180,1.304,1.310,1.564,1.001,3.311
202.8,0.548,0.467,2.196,1.360,1.250,1.585,1.103,3.194
206.9,0.573,0.463,2.055,1.249,1.298,1.512,0.985,3.348
193.0,0.517,0.466,2.413,1.422,1.394,1.477,1.121,3.497
183.6,0.586,0.474,2.124,1.261,1.391,1.557,0.963,3.453
212.9,0.526,0.466,2.202,1.338,1.439,1.454,1.068,3.392
198.6,0.617,0.480,2.033,1.251,1.454,1.466,0.935,3.432
204.2,0.512,0.469,2.413,1.424,1.555,1.410,1.036,3.384
207.4,0.638,0.474,2.065,1.255,1.417,1.428,0.981,3.207
220.9,0.581,0.451,2.032,1.320,1.340,1.466,1.038,3.356
215.2,0.563,0.473,2.186,1.299,1.281,1.453,1.058,3.413
193.0,0.585,0.469,2.120,1.340,1.362,1.500,1.047,3.222
215.4,0.561,0.459,2.149,1.373,1.383,1.495,1.065,3.244
205.7,0.496,0.464,2.345,1.473,1.415,1.422,1.092,3.260
212.7,0.465,0.458,2.307,1.207,1.321,1.568,0.996,3.075
193.9,0.566,0.476,2.089,1.379,1.351,1.428,1.092,3.304
211.8,0.552,0.461,2.147,1.212,1.215,1.492,0.996,3.152
189.8,0.573,0.475,2.139,1.365,1.332,1.533,1.008,3.251
219.6,0.718,0.489,1.887,1.275,1.400,1.297,1.151,3.345
206.1,0.537,0.461,2.058,1.321,1.328,1.585,1.071,3.279
211.2,0.569,0.473,2.080,1.235,1.298,1.446,0.964,3.328
199.3,0.519,0.480,2.349,1.228,1.388,1.597,1.033,3.491
210.6,0.547,0.466,2.168,1.375,1.305,1.476,1.061,3.287
204.6,0.579,0.475,2.189,1.360,1.463,1.553,1.077,3.343
194.9,0.563,0.502,2.168,1.391,1.350,1.561,1.012,3.405
218.9,0.518,0.465,2.117,1.267,1.322,1.477,1.021,3.246
196.5,0.564,0.473,2.240,1.380,1.288,1.458,1.062,3.364
203.1,0.557,0.462,2.284,1.213,1.343,1.444,1.041,3.240
198.9,0.589,0.468,2.107,1.333,1.397,1.432,1.042,3.386
210.4,0.566,0.451,1.983,1.335,1.332,1.373,1.066,3.371
222.3,0.544,0.462,2.203,1.357,1.481,1.507,1.062,3.267
203.3,0.538,0.459,2.180,1.332,1.353,1.586,1.014,3.110
207.0,0.517,0.463,2.087,1.256,1.259,1.573,1.007,3.314
202.4,0.557,0.469,2.115,1.404,1.302,1.523,1.081,3.303
207.9,0.551,0.482,2.039,1.183,1.473,1.601,0.952,3.388
207.5,0.517,0.468,2.159,1.405,1.358,1.509,1.062,3.338
213.8,0.576,0.462,1.962,1.272,1.354,1.362,1.029,3.298
202.4,0.536,0.458,2.222,1.451,1.337,1.515,1.049,3.297
211.7,0.642,0.457,1.990,1.231,1.259,1.324,1.076,3.134
205.1,0.674,0.466,1.989,1.260,1.330,1.396,1.165,3.195
193.9,0.515,0.471,2.216,1.461,1.396,1.485,1.015,3.273
211.8,0.508,0.450,2.146,1.399,1.324,1.532,1.052,3.295
210.7,0.589,0.462,2.107,1.257,1.440,1.375,1.066,3.213
195.2,0.516,0.469,2.259,1.378,1.412,1.614,1.074,3.376
196.4,0.525,0.475,2.132,1.385,1.382,1.572,1.038,3.209
201.5,0.519,0.481,2.402,1.326,1.304,1.573,1.065,3.428
211.4,0.529,0.456,2.138,1.246,1.405,1.527,0.971,3.295
208.9,0.613,0.478,2.155,1.274,1.336,1.428,1.024,3.401
198.1,0.469,0.463,2.237,1.399,1.360,1.666,0.979,3.283
207.2,0.593,0.483,2.115,1.306,1.216,1.463,1.120,3.257
204.3,0.508,0.456,2.267,1.415,1.312,1.542,1.067,3.291
212.9,0.539,0.463,2.158,1.343,1.359,1.537,1.054,3.242
212.5,0.500,0.461,2.224,1.242,1.361,1.488,0.942,3.240
215.2,0.632,0.474,1.895,1.373,1.276,1.404,1.106,3.227
216.5,0.633,0.480,2.013,1.300,1.349,1.336,1.034,3.502
212.4,0.535,0.460,2.103,1.361,1.406,1.467,1.042,3.266
209.4,0.583,0.456,2.164,1.295,1.241,1.505,1.039,3.212
199.1,0.524,0.449,2.074,1.366,1.458,1.716,1.038,3.177
197.7,0.501,0.449,2.216,1.281,1.295,1.675,1.010,3.286
219.8,0.649,0.470,2.035,1.248,1.309,1.277,1.042,3.196
214.2,0.496,0.446,2.174,1.328,1.355,1.598,1.005,3.223
195.3,0.481,0.471,2.255,1.487,1.306,1.582,1.046,3.253
194.9,0.530,0.501,2.329,1.353,1.445,1.489,1.029,3.519
202.2,0.534,0.452,2.104,1.317,1.289,1.568,0.985,3.205
210.4,0.601,0.471,2.034,1.262,1.356,1.366,1.079,3.325
220.0,0.647,0.483,2.071,1.189,1.440,1.385,0.987,3.392
216.1,0.643,0.463,1.888,1.226,1.246,1.319,1.011,3.210
206.1,0.507,0.473,2.263,1.207,1.225,1.515,0.974,3.239
213.7,0.637,0.450,1.977,1.328,1.268,1.317,1.058,3.218
191.1,0.562,0.464,2.186,1.346,1.341,1.519,1.041,3.241
209.7,0.563,0.468,1.973,1.348,1.276,1.466,1.114,3.210
211.0,0.531,0.452,2.097,1.315,1.366,1.449,1.015,3.406
203.6,0.609,0.454,2.065,1.193,1.354,1.391,1.082,3.143
210.8,0.563,0.464,2.091,1.343,1.356,1.448,1.083,3.268
200.5,0.547,0.464,2.104,1.342,1.191,1.454,1.053,3.217
209.1,0.560,0.463,2.168,1.281,1.327,1.524,1.094,3.316
218.8,0.584,0.457,1.971,1.274,1.236,1.365,0.976,3.298
201.0,0.560,0.488,2.159,1.351,1.288,1.494,0.992,3.352
221.1,0.566,0.456,2.146,1.377,1.368,1.301,1.095,3.202
201.7,0.513,0.459,2.141,1.328,1.390,1.587,0.999,3.213
211.6,0.578,0.447,1.904,1.296,1.315,1.561,1.012,3.164
196.2,0.530,0.484,2.236,1.457,1.176,1.638,1.085,3.246
200.7,0.570,0.466,2.068,1.321,1.266,1.504,1.119,3.177
215.6,0.666,0.461,1.850,1.224,1.402,1.304,0.979,3.289
189.5,0.615,0.486,2.038,1.291,1.293,1.465,1.055,3.400
193.2,0.498,0.466,2.281,1.428,1.365,1.613,1.082,3.316
191.7,0.580,0.481,2.188,1.277,1.338,1.504,1.032,3.317
208.3,0.549,0.458,2.102,1.284,1.264,1.458,1.036,3.271
205.0,0.519,0.452,2.223,1.325,1.368,1.455,1.060,3.279
208.9,0.556,0.466,2.058,1.315,1.389,1.603,1.059,3.277
200.2,0.569,0.467,2.049,1.278,1.340,1.538,0.967,3.348
209.6,0.547,0.471,2.104,1.234,1.238,1.468,1.033,3.294
205.3,0.527,0.466,2.159,1.240,1.219,1.592,1.029,3.245
209.1,0.628,0.472,2.036,1.284,1.272,1.445,1.047,3.341
211.6,0.596,0.463,2.073,1.198,1.410,1.489,1.001,3.275
211.7,0.612,0.474,2.062,1.298,1.379,1.309,1.078,3.397
199.9,0.531,0.470,2.104,1.245,1.219,1.602,1.028,3.106
199.1,0.426,0.462,2.289,1.338,1.368,1.672,0.940,3.223
205.0,0.657,0.489,2.043,1.235,1.386,1.363,1.056,3.312
204.2,0.592,0.472,1.953,1.291,1.263,1.560,1.090,3.283
207.3,0.601,0.473,2.057,1.329,1.258,1.342,1.116,3.181
196.7,0.438,0.477,2.251,1.342,1.208,1.710,0.976,3.349
209.1,0.690,0.467,1.987,1.161,1.341,1.260,1.067,3.253
199.0,0.495,0.459,2.250,1.313,1.322,1.599,1.083,3.214
212.2,0.615,0.470,1.961,1.315,1.300,1.473,1.083,3.329
204.5,0.574,0.471,1.975,1.300,1.236,1.471,1.098,3.350
200.1,0.561,0.470,2.045,1.388,1.241,1.513,1.084,3.259
223.1,0.485,0.451,2.262,1.223,1.226,1.584,1.005,3.170
205.6,0.589,0.498,2.122,1.270,1.268,1.469,1.036,3.386
205.4,0.515,0.474,2.213,1.281,1.278,1.440,1.036,3.095
199.4,0.576,0.459,2.072,1.338,1.297,1.425,1.067,3.151
201.9,0.502,0.476,2.265,1.308,1.321,1.600,0.979,3.449
251.7,0.911,0.508,1.898,0.984,1.488,1.294,0.964,3.404
213.9,0.580,0.487,2.078,1.203,1.378,1.415,1.100,3.190
210.1,0.581,0.476,2.024,1.232,1.305,1.459,1.013,3.483
223.5,0.623,0.469,1.950,1.106,1.527,1.469,0.954,3.207
200.9,0.557,0.467,2.140,1.365,1.233,1.435,1.027,3.327
215.2,0.535,0.459,2.140,1.356,1.270,1.426,1.048,3.434
216.6,0.669,0.493,1.991,1.228,1.359,1.339,1.062,3.460
204.0,0.484,0.470,2.299,1.490,1.336,1.505,1.080,3.279
190.8,0.563,0.455,2.115,1.292,1.511,1.674,1.073,3.135
214.5,0.507,0.468,2.149,1.385,1.365,1.555,1.052,3.301
202.5,0.562,0.479,2.239,1.267,1.254,1.534,1.080,3.371
211.4,0.576,0.452,1.924,1.325,1.308,1.490,1.085,3.316
198.0,0.530,0.480,2.026,1.238,1.305,1.683,1.053,3.295
214.1,0.614,0.468,1.939,1.279,1.313,1.276,1.164,3.188
193.5,0.641,0.464,1.974,1.240,1.304,1.562,1.004,3.200
209.7,0.517,0.469,2.210,1.328,1.233,1.573,1.118,3.257
204.3,0.564,0.469,2.034,1.349,1.248,1.650,1.038,3.238
193.7,0.617,0.459,2.132,1.302,1.426,1.528,1.034,3.261
198.7,0.619,0.470,2.047,1.312,1.340,1.471,1.061,3.279
220.5,0.621,0.475,2.047,1.315,1.319,1.392,1.171,3.252
191.6,0.526,0.466,2.295,1.436,1.436,1.450,1.069,3.292
206.6,0.514,0.475,2.367,1.303,1.267,1.512,0.987,3.314
208.2,0.572,0.446,2.103,1.259,1.313,1.480,0.969,3.371
195.5,0.519,0.469,2.272,1.339,1.341,1.544,1.003,3.408
203.4,0.515,0.490,2.053,1.345,1.170,1.655,1.001,3.297
203.6,0.544,0.459,2.108,1.286,1.321,1.604,1.011,3.280
221.2,0.482,0.443,2.023,1.232,1.273,1.573,0.953,3.157
250.6,0.959,0.483,1.988,0.913,1.394,1.266,0.898,3.064
194.4,0.646,0.473,2.007,1.266,1.306,1.409,1.104,3.209
199.5,0.508,0.472,2.116,1.276,1.358,1.572,0.914,3.316
200.8,0.546,0.478,2.052,1.260,1.226,1.542,0.995,3.205
211.2,0.548,0.468,2.188,1.231,1.359,1.508,1.073,3.228
203.0,0.575,0.460,2.163,1.272,1.358,1.515,1.018,3.000
207.4,0.597,0.465,2.048,1.298,1.432,1.515,1.011,3.230
221.3,0.626,0.461,2.037,1.199,1.226,1.418,1.057,3.232
219.8,0.572,0.477,1.888,1.358,1.329,1.527,1.099,3.274
217.9,0.488,0.442,2.054,1.310,1.359,1.587,0.996,3.268
207.2,0.546,0.471,2.082,1.280,1.288,1.430,1.074,3.282
204.4,0.630,0.446,1.807,1.279,1.414,1.383,1.064,3.037
203.0,0.609,0.454,1.919,1.178,1.348,1.463,1.028,3.172
210.5,0.560,0.469,2.061,1.278,1.319,1.496,1.041,3.192
206.7,0.495,0.454,2.140,1.323,1.342,1.475,0.987,3.407
216.4,0.653,0.458,2.111,1.143,1.641,1.306,0.975,3.218
206.3,0.534,0.467,2.194,1.264,1.367,1.458,1.079,3.280
219.9,0.585,0.449,2.103,1.250,1.407,1.428,1.007,3.114
203.7,0.510,0.477,2.221,1.363,1.333,1.537,1.107,3.392
222.2,0.520,0.450,2.125,1.225,1.372,1.493,0.959,3.224
214.6,0.626,0.470,2.103,1.389,1.371,1.465,1.060,3.280
220.0,0.592,0.465,2.090,1.115,1.370,1.415,0.969,3.238
200.0,0.537,0.473,2.207,1.238,1.255,1.591,1.034,3.238
202.1,0.558,0.480,2.121,1.355,1.387,1.463,1.094,3.322
211.1,0.617,0.485,1.908,1.229,1.309,1.468,1.041,3.210
232.7,0.738,0.472,1.973,1.094,1.363,1.289,1.034,3.189
206.6,0.542,0.480,2.066,1.282,1.313,1.651,0.929,3.269
199.9,0.624,0.488,2.091,1.225,1.317,1.445,1.035,3.300
210.6,0.539,0.440,2.175,1.420,1.395,1.469,1.094,3.208
222.7,0.585,0.465,2.051,1.275,1.320,1.327,1.082,3.396
202.9,0.501,0.467,2.133,1.308,1.213,1.546,1.049,3.198
195.7,0.554,0.455,2.073,1.322,1.318,1.488,1.082,3.290
201.7,0.585,0.459,1.937,1.197,1.283,1.403,1.015,3.181
186.5,0.541,0.466,2.202,1.467,1.363,1.545,1.106,3.225
189.1,0.555,0.499,2.142,1.214,1.276,1.568,1.041,3.371
212.0,0.595,0.487,2.213,1.243,1.450,1.447,1.037,3.344
211.7,0.566,0.479,2.077,1.287,1.373,1.429,1.081,3.189
200.7,0.473,0.460,2.303,1.484,1.351,1.672,1.018,3.195
214.0,0.653,0.494,2.073,1.359,1.340,1.271,1.062,3.392
180.6,0.480,0.509,2.276,1.433,1.307,1.712,0.998,3.462
214.9,0.674,0.478,2.018,1.101,1.311,1.388,0.979,3.022
200.3,0.485,0.488,2.334,1.259,1.215,1.621,0.954,3.500
180.6,0.660,0.490,1.968,1.322,1.391,1.442,1.108,3.267
218.2,0.666,0.470,1.954,1.206,1.297,1.328,1.034,3.301
199.5,0.537,0.459,2.126,1.230,1.324,1.530,1.108,3.173
233.3,0.700,0.473,1.918,1.202,1.338,1.297,1.110,3.204
202.7,0.540,0.468,2.120,1.330,1.247,1.661,1.006,3.247
215.9,0.555,0.469,2.183,1.311,1.334,1.486,1.107,3.383
203.2,0.525,0.454,2.154,1.317,1.347,1.617,1.014,3.102
193.4,0.529,0.470,2.038,1.300,1.378,1.547,1.027,3.219
219.3,0.489,0.446,2.258,1.352,1.348,1.433,1.017,3.304
200.7,0.564,0.476,2.067,1.269,1.334,1.319,1.014,3.275
198.3,0.489,0.459,2.236,1.309,1.311,1.622,1.010,3.232
224.5,0.711,0.462,1.962,1.292,1.313,1.297,1.030,3.127
206.8,0.597,0.477,2.086,1.288,1.385,1.422,1.028,3.277
197.8,0.567,0.469,2.121,1.338,1.300,1.546,1.086,3.299
205.6,0.583,0.470,2.122,1.235,1.321,1.407,1.079,3.250
208.6,0.569,0.469,2.108,1.211,1.372,1.538,0.988,3.249
219.4,0.573,0.448,2.162,1.173,1.392,1.379,0.971,3.242
205.1,0.488,0.480,2.263,1.273,1.320,1.517,1.047,3.231
211.4,0.530,0.451,2.228,1.230,1.264,1.519,1.025,3.181
213.7,0.547,0.477,2.067,1.389,1.368,1.546,1.013,3.232
223.5,0.697,0.491,1.928,1.264,1.323,1.388,1.017,3.321
233.1,0.754,0.479,1.899,1.149,1.348,1.267,1.047,3.321
223.3,0.556,0.463,2.163,1.404,1.413,1.467,1.111,3.332
216.9,0.568,0.470,2.065,1.222,1.259,1.573,0.984,3.421
203.2,0.520,0.467,2.219,1.313,1.291,1.656,1.002,3.241
200.9,0.531,0.467,2.124,1.368,1.206,1.573,1.141,3.217
192.1,0.504,0.486,2.168,1.236,1.452,1.657,0.990,3.468
190.4,0.632,0.450,2.060,1.268,1.263,1.478,0.988,3.139
218.2,0.615,0.462,2.050,1.300,1.268,1.326,1.121,3.146
199.9,0.562,0.469,2.115,1.424,1.336,1.476,1.083,3.241
196.4,0.509,0.477,2.237,1.282,1.353,1.532,1.011,3.371
207.1,0.502,0.457,2.258,1.300,1.333,1.733,1.053,3.213
189.3,0.600,0.481,2.074,1.272,1.238,1.466,1.087,3.324
206.8,0.662,0.471,2.002,1.149,1.246,1.322,1.063,3.250
209.3,0.479,0.463,2.240,1.344,1.252,1.645,1.006,3.205
208.9,0.536,0.460,2.164,1.281,1.285,1.514,0.968,3.214
212.7,0.705,0.475,2.083,1.207,1.345,1.362,0.942,3.385
193.1,0.534,0.479,2.294,1.312,1.196,1.519,1.078,3.264
204.3,0.600,0.488,2.120,1.273,1.249,1.450,1.117,3.307
190.4,0.532,0.460,2.076,1.278,1.362,1.520,0.991,3.222
201.9,0.477,0.459,2.307,1.415,1.293,1.593,1.019,3.171
201.5,0.527,0.481,2.186,1.208,1.315,1.456,0.904,3.233
199.1,0.549,0.477,2.012,1.266,1.203,1.426,1.046,3.207
203.0,0.497,0.479,2.223,1.282,1.329,1.554,1.042,3.443
213.7,0.581,0.462,2.084,1.249,1.316,1.448,1.119,3.130
211.6,0.550,0.471,2.206,1.338,1.410,1.367,1.099,3.231
198.6,0.492,0.451,2.299,1.279,1.298,1.633,1.063,3.232
223.7,0.642,0.482,1.947,1.087,1.231,1.218,1.008,3.277
194.0,0.562,0.456,2.118,1.305,1.209,1.592,1.035,3.181
213.8,0.552,0.457,2.072,1.242,1.423,1.432,1.009,3.391
217.4,0.556,0.461,2.005,1.250,1.251,1.575,1.031,3.258
209.4,0.501,0.469,2.158,1.348,1.394,1.608,0.999,3.176
211.9,0.594,0.462,2.048,1.300,1.301,1.423,1.103,3.163
227.6,0.553,0.461,2.035,1.231,1.295,1.388,0.957,3.209
207.1,0.569,0.467,2.075,1.245,1.482,1.403,1.008,3.303
206.3,0.593,0.477,2.067,1.152,1.317,1.412,0.995,3.265
203.2,0.529,0.454,2.044,1.294,1.253,1.583,1.031,3.233
202.8,0.484,0.437,2.349,1.315,1.261,1.494,1.057,3.131
195.6,0.547,0.471,2.254,1.316,1.374,1.449,1.032,3.303
219.0,0.520,0.458,2.255,1.262,1.346,1.399,1.012,3.336
207.1,0.547,0.468,2.226,1.287,1.316,1.450,1.063,3.204
195.6,0.526,0.462,2.148,1.169,1.110,1.602,1.011,3.084
194.5,0.496,0.470,2.449,1.368,1.454,1.610,1.040,3.352
189.3,0.478,0.471,2.247,1.362,1.240,1.613,0.975,3.321
200.5,0.559,0.455,2.136,1.283,1.366,1.626,1.073,3.222
211.2,0.533,0.453,2.257,1.316,1.388,1.500,0.984,3.174
209.2,0.555,0.479,2.108,1.364,1.284,1.474,1.069,3.177
192.0,0.485,0.472,2.260,1.400,1.314,1.585,0.960,3.231
201.6,0.585,0.459,2.089,1.430,1.222,1.433,1.101,3.097
204.6,0.502,0.452,2.243,1.355,1.203,1.520,0.987,3.314
194.3,0.517,0.470,2.323,1.273,1.344,1.615,1.055,3.357
233.5,0.716,0.468,1.977,1.181,1.299,1.224,1.104,3.272
208.2,0.538,0.463,2.255,1.335,1.319,1.497,1.019,3.292
198.7,0.469,0.466,2.305,1.284,1.268,1.544,0.934,3.289
202.7,0.625,0.492,2.031,1.213,1.327,1.340,1.068,3.335
210.9,0.549,0.462,2.010,1.212,1.315,1.462,1.029,3.215
228.2,0.561,0.469,1.976,1.261,1.389,1.496,1.062,3.246
182.7,0.546,0.456,2.218,1.364,1.202,1.505,1.053,3.017
223.1,0.492,0.456,2.113,1.272,1.229,1.509,1.037,3.126
222.0,0.546,0.458,2.093,1.279,1.293,1.515,1.093,3.188
211.0,0.593,0.473,2.151,1.311,1.463,1.374,1.077,3.370
202.6,0.559,0.466,2.159,1.298,1.312,1.385,1.066,3.286
196.2,0.435,0.452,2.445,1.422,1.331,1.652,0.975,3.312
195.5,0.536,0.475,2.250,1.255,1.389,1.598,1.053,3.282
188.2,0.505,0.469,2.244,1.365,1.281,1.630,0.961,3.230
216.0,0.607,0.479,2.032,1.216,1.278,1.444,1.022,3.211
222.2,0.549,0.457,1.850,1.327,1.383,1.457,1.068,3.009
204.4,0.552,0.486,2.014,1.185,1.301,1.613,0.909,3.454
204.5,0.562,0.459,2.312,1.239,1.321,1.458,1.094,3.175
217.0,0.563,0.466,2.041,1.232,1.347,1.446,0.959,3.258
199.3,0.515,0.459,2.045,1.354,1.169,1.538,0.983,3.237
223.6,0.628,0.475,2.001,1.340,1.475,1.256,1.081,3.207
187.5,0.497,0.474,2.300,1.432,1.274,1.673,1.046,3.380
228.9,0.572,0.451,1.999,1.174,1.312,1.369,0.955,3.378
192.9,0.535,0.447,2.213,1.429,1.287,1.607,1.066,3.284
197.1,0.513,0.454,2.311,1.352,1.309,1.558,1.090,3.246
207.6,0.500,0.448,2.247,1.437,1.397,1.524,1.082,3.229
210.9,0.543,0.468,2.032,1.254,1.354,1.509,1.005,3.399
212.3,0.608,0.467,1.923,1.250,1.275,1.340,1.084,3.287
208.5,0.541,0.454,2.129,1.201,1.158,1.435,1.059,3.282
209.7,0.525,0.451,2.164,1.394,1.412,1.494,1.078,3.337
213.2,0.554,0.448,2.149,1.267,1.241,1.443,1.114,3.307
207.8,0.512,0.453,2.143,1.316,1.375,1.544,1.000,3.220
203.7,0.470,0.414,2.227,1.423,1.441,1.580,1.023,3.034
195.9,0.563,0.473,2.138,1.376,1.246,1.525,1.073,3.379
226.5,0.572,0.437,2.044,1.282,1.358,1.320,1.038,3.117
204.6,0.542,0.459,2.162,1.362,1.387,1.410,1.052,3.329
201.4,0.538,0.441,2.032,1.273,1.299,1.565,1.055,3.195
203.2,0.577,0.434,2.097,1.346,1.346,1.542,1.042,3.220
199.7,0.549,0.453,2.212,1.398,1.184,1.486,0.991,3.187
200.2,0.573,0.458,2.071,1.359,1.450,1.485,1.071,3.335
192.3,0.487,0.461,2.280,1.417,1.282,1.533,0.971,3.300
219.9,0.542,0.455,1.977,1.329,1.371,1.537,0.944,3.324
196.4,0.530,0.467,2.222,1.465,1.319,1.599,1.018,3.334
205.9,0.678,0.485,1.937,1.180,1.354,1.263,0.981,3.292
203.4,0.603,0.473,2.038,1.365,1.241,1.481,1.102,3.248
215.2,0.494,0.477,2.224,1.246,1.124,1.621,1.039,3.269
213.8,0.578,0.446,2.133,1.241,1.292,1.475,0.978,3.203
195.4,0.559,0.470,2.026,1.237,1.248,1.457,1.019,3.399
200.1,0.611,0.467,1.931,1.278,1.374,1.383,1.086,3.226
208.4,0.588,0.462,2.026,1.373,1.194,1.426,1.091,3.144
220.2,0.598,0.456,2.018,1.346,1.258,1.295,1.089,3.218
213.5,0.505,0.458,2.106,1.319,1.255,1.456,0.993,3.280
208.7,0.522,0.450,2.108,1.388,1.254,1.461,0.962,3.200
215.2,0.559,0.462,1.932,1.237,1.410,1.365,1.004,3.230
203.6,0.695,0.468,2.094,1.189,1.460,1.364,1.072,3.342
212.0,0.502,0.472,2.254,1.329,1.340,1.551,1.000,3.284
206.6,0.555,0.484,2.181,1.498,1.219,1.476,1.031,3.352
202.9,0.553,0.475,2.169,1.306,1.269,1.501,1.041,3.245
199.9,0.541,0.460,2.042,1.303,1.354,1.503,1.035,3.218
227.6,0.633,0.468,2.006,1.214,1.275,1.434,0.998,3.180
236.2,0.688,0.480,2.022,1.146,1.348,1.266,0.959,3.211
202.7,0.537,0.463,2.169,1.248,1.334,1.611,0.980,3.260
208.5,0.622,0.484,2.073,1.266,1.358,1.440,0.990,3.278
194.9,0.501,0.463,2.265,1.357,1.464,1.633,1.067,3.100
203.2,0.526,0.475,2.107,1.274,1.272,1.384,1.011,3.175
210.8,0.511,0.460,2.130,1.389,1.386,1.528,1.004,3.161
194.6,0.516,0.466,2.166,1.436,1.348,1.566,0.950,3.237
195.6,0.560,0.472,2.198,1.319,1.485,1.421,0.959,3.293
191.1,0.521,0.479,2.110,1.341,1.356,1.547,0.996,3.342
190.8,0.529,0.479,2.161,1.397,1.303,1.605,0.914,3.262
216.2,0.451,0.479,2.240,1.338,1.242,1.792,1.023,3.197
220.9,0.639,0.461,1.993,1.326,1.397,1.386,1.005,3.220
192.8,0.634,0.463,2.034,1.368,1.477,1.570,1.171,3.215
211.3,0.635,0.490,2.094,1.250,1.277,1.307,1.033,3.294
217.7,0.642,0.459,2.117,1.311,1.429,1.362,1.100,3.297
213.0,0.594,0.470,2.033,1.226,1.322,1.370,0.995,3.271
205.4,0.599,0.441,2.098,1.405,1.331,1.424,1.090,3.087
194.2,0.554,0.465,2.044,1.360,1.329,1.422,0.990,3.164
202.9,0.612,0.455,2.017,1.370,1.432,1.412,1.021,3.070
203.3,0.573,0.478,2.141,1.246,1.251,1.528,0.944,3.284
208.7,0.580,0.457,2.157,1.282,1.530,1.459,0.994,3.338
195.4,0.607,0.475,2.084,1.359,1.198,1.392,1.010,3.319
207.3,0.625,0.453,1.935,1.378,1.341,1.416,1.111,2.985
204.3,0.524,0.442,2.095,1.404,1.286,1.513,1.038,3.123
215.1,0.610,0.455,2.073,1.336,1.377,1.425,1.059,3.109
198.5,0.597,0.457,2.065,1.448,1.310,1.397,1.102,3.180
198.1,0.507,0.474,2.119,1.318,1.404,1.676,0.976,3.341
202.2,0.496,0.457,2.322,1.461,1.461,1.487,1.040,3.175
199.7,0.490,0.461,2.324,1.260,1.324,1.519,1.040,3.310
209.2,0.641,0.431,2.069,1.411,1.518,1.429,1.097,3.143
192.8,0.478,0.449,2.472,1.631,1.480,1.628,1.116,3.245
199.3,0.621,0.472,2.181,1.363,1.529,1.284,1.030,3.182
191.7,0.483,0.454,2.427,1.495,1.442,1.534,1.082,3.131
206.6,0.538,0.443,2.246,1.391,1.562,1.451,0.979,3.114
221.0,0.528,0.462,2.003,1.337,1.508,1.496,1.005,3.198
202.0,0.501,0.457,2.150,1.375,1.299,1.534,1.002,3.076
194.9,0.509,0.475,2.265,1.383,1.320,1.533,1.032,3.369
192.7,0.476,0.442,2.273,1.507,1.412,1.574,0.995,3.301
212.0,0.558,0.463,2.152,1.413,1.342,1.488,1.043,3.269
200.0,0.489,0.470,2.149,1.431,1.405,1.538,1.009,3.240
190.6,0.503,0.450,2.272,1.479,1.425,1.654,1.015,3.197
196.1,0.496,0.462,2.160,1.462,1.309,1.513,0.993,3.344
195.7,0.551,0.471,2.183,1.415,1.471,1.459,1.018,3.222
210.0,0.621,0.472,2.054,1.231,1.289,1.296,1.015,3.357
200.1,0.555,0.470,2.134,1.322,1.283,1.464,1.014,3.309
215.6,0.549,0.459,2.100,1.169,1.290,1.520,0.964,3.120
212.8,0.589,0.464,2.082,1.269,1.196,1.441,1.035,3.402
206.1,0.496,0.473,2.118,1.267,1.426,1.618,0.911,3.246
226.7,0.655,0.471,1.871,1.331,1.343,1.389,1.140,3.271
202.4,0.531,0.447,2.139,1.309,1.454,1.450,1.008,3.213
213.0,0.542,0.462,2.121,1.346,1.414,1.487,1.012,3.369
197.0,0.546,0.473,2.249,1.328,1.351,1.591,1.051,3.255
191.9,0.477,0.482,2.145,1.417,1.283,1.704,1.009,3.197
215.3,0.639,0.468,2.021,1.153,1.347,1.302,1.015,3.143
224.4,0.592,0.463,2.010,1.281,1.275,1.361,0.965,3.186
206.9,0.724,0.490,1.857,1.274,1.423,1.312,1.122,3.362
211.0,0.575,0.474,2.130,1.282,1.346,1.476,1.076,3.216
206.1,0.537,0.468,2.007,1.278,1.264,1.496,1.044,3.130
214.3,0.566,0.450,2.105,1.262,1.240,1.389,1.047,3.182
219.4,0.629,0.480,1.913,1.239,1.313,1.422,1.098,3.253
191.7,0.515,0.449,2.145,1.351,1.332,1.519,1.037,3.122
206.3,0.642,0.475,2.034,1.260,1.330,1.338,1.028,3.247
190.3,0.474,0.444,2.272,1.331,1.299,1.624,1.061,3.226
206.0,0.554,0.468,2.229,1.416,1.372,1.503,1.115,3.208
196.5,0.570,0.463,2.018,1.367,1.242,1.539,1.121,3.151
220.0,0.575,0.446,1.972,1.299,1.276,1.496,1.056,3.041
203.7,0.550,0.467,2.177,1.318,1.455,1.415,1.091,3.271
202.6,0.550,0.457,2.272,1.403,1.376,1.448,1.126,3.153
205.8,0.604,0.462,2.089,1.240,1.366,1.473,1.066,3.319
203.8,0.620,0.453,2.013,1.228,1.302,1.520,1.076,3.122
219.5,0.528,0.446,2.022,1.304,1.259,1.540,1.010,3.138
202.5,0.526,0.453,2.166,1.241,1.298,1.683,1.007,3.259
205.9,0.626,0.470,2.039,1.288,1.253,1.267,1.042,3.282
218.0,0.556,0.450,1.953,1.347,1.355,1.421,1.023,3.103
200.9,0.583,0.457,2.094,1.295,1.312,1.426,1.043,3.189
208.4,0.677,0.452,1.895,1.220,1.287,1.500,1.101,3.193
220.1,0.625,0.448,1.929,1.216,1.342,1.334,0.990,3.149
206.8,0.506,0.484,2.271,1.318,1.318,1.494,0.990,3.313
230.4,0.683,0.477,1.943,1.233,1.306,1.349,0.925,3.374
235.6,0.667,0.476,1.964,1.271,1.381,1.183,1.107,3.402
225.9,0.740,0.467,2.095,1.078,1.498,1.295,0.959,3.178
199.6,0.577,0.481,2.113,1.339,1.283,1.465,1.096,3.310
193.6,0.538,0.444,2.163,1.414,1.310,1.612,1.075,3.309
203.6,0.563,0.459,2.136,1.393,1.329,1.458,1.059,3.266
197.4,0.531,0.454,2.141,1.397,1.261,1.597,1.028,3.100
200.5,0.500,0.477,2.235,1.367,1.273,1.571,1.023,3.414
199.3,0.550,0.469,2.124,1.393,1.281,1.450,1.068,3.319
219.2,0.540,0.467,2.202,1.342,1.328,1.396,1.066,3.364
224.0,0.491,0.468,2.097,1.379,1.317,1.567,0.979,3.186
191.3,0.501,0.480,2.374,1.480,1.334,1.528,1.053,3.333
214.1,0.607,0.452,2.018,1.267,1.318,1.419,1.098,3.181
216.2,0.499,0.475,2.257,1.311,1.331,1.474,1.027,3.229
233.3,0.726,0.471,1.927,1.057,1.489,1.451,0.901,3.166
197.2,0.594,0.462,1.990,1.421,1.311,1.478,1.155,3.137
200.2,0.524,0.485,2.178,1.345,1.358,1.535,1.030,3.305
212.9,0.549,0.451,2.022,1.228,1.364,1.540,0.979,3.273
214.1,0.607,0.472,2.110,1.282,1.238,1.470,1.071,3.154
202.7,0.576,0.462,2.053,1.343,1.319,1.540,1.067,3.225
205.8,0.492,0.455,2.230,1.390,1.338,1.529,1.042,3.116
198.6,0.499,0.462,2.145,1.374,1.293,1.562,0.996,3.310
186.4,0.580,0.477,2.015,1.325,1.272,1.570,1.080,3.178
198.4,0.507,0.483,2.189,1.355,1.304,1.614,0.976,3.179
215.2,0.538,0.473,2.126,1.332,1.269,1.475,1.018,3.303
203.2,0.559,0.468,2.042,1.317,1.303,1.568,1.012,3.292
200.6,0.580,0.479,2.155,1.354,1.183,1.472,1.060,3.180
206.2,0.572,0.483,2.103,1.272,1.262,1.478,0.980,3.318
204.3,0.541,0.467,2.236,1.364,1.335,1.489,1.096,3.196
216.7,0.506,0.460,2.192,1.297,1.413,1.637,1.004,3.233
204.8,0.467,0.467,2.205,1.268,1.188,1.742,0.983,3.246
203.4,0.511,0.468,2.159,1.402,1.331,1.469,1.036,3.316
206.3,0.586,0.464,2.073,1.396,1.279,1.433,1.122,3.229
193.8,0.520,0.450,2.229,1.377,1.234,1.511,1.043,3.172
194.4,0.557,0.487,2.105,1.360,1.400,1.593,1.003,3.391
188.8,0.584,0.475,2.044,1.280,1.256,1.478,1.045,3.291
215.4,0.671,0.471,1.922,1.259,1.306,1.318,1.075,3.197
200.7,0.512,0.440,2.265,1.286,1.359,1.614,1.010,3.184
193.8,0.563,0.455,2.160,1.321,1.352,1.453,1.053,3.270
211.1,0.551,0.452,1.951,1.233,1.367,1.450,1.026,3.180
212.3,0.575,0.454,2.041,1.196,1.369,1.409,1.017,3.210
208.8,0.510,0.469,2.213,1.423,1.269,1.546,1.030,3.209
213.6,0.626,0.467,2.063,1.356,1.244,1.303,1.111,3.233
194.9,0.537,0.477,2.103,1.401,1.346,1.560,1.026,3.230
188.9,0.520,0.457,2.302,1.510,1.407,1.521,1.137,3.205
205.0,0.663,0.482,1.951,1.233,1.363,1.300,1.001,3.239
201.3,0.459,0.453,2.239,1.390,1.244,1.656,0.980,3.220
227.3,0.487,0.451,2.046,1.307,1.326,1.537,0.978,3.189
196.7,0.529,0.453,2.055,1.334,1.300,1.517,1.017,3.323
206.4,0.523,0.461,2.135,1.260,1.277,1.522,0.992,3.228
214.4,0.499,0.465,2.274,1.258,1.289,1.570,0.942,3.176
204.6,0.521,0.452,2.109,1.363,1.264,1.551,1.050,3.102
186.2,0.536,0.459,2.308,1.443,1.464,1.413,1.107,3.205
208.6,0.610,0.458,1.981,1.211,1.401,1.357,1.060,3.267
204.4,0.471,0.466,2.275,1.251,1.260,1.662,1.020,3.304
207.0,0.509,0.469,2.145,1.333,1.328,1.534,0.951,3.324
217.4,0.507,0.443,2.124,1.364,1.405,1.567,1.004,3.175
203.8,0.526,0.486,2.194,1.371,1.266,1.553,1.022,3.262
196.2,0.555,0.459,2.245,1.311,1.238,1.603,1.081,3.177
203.4,0.586,0.472,2.026,1.259,1.300,1.486,1.013,3.282
234.4,0.595,0.450,2.224,1.333,1.217,1.408,1.107,3.069
208.7,0.542,0.451,2.136,1.370,1.172,1.489,0.988,3.172
213.1,0.562,0.462,2.102,1.205,1.260,1.390,1.062,3.235
198.8,0.570,0.454,2.166,1.302,1.306,1.426,1.064,3.164
198.0,0.552,0.480,2.134,1.325,1.241,1.491,0.994,3.203
213.1,0.581,0.475,2.119,1.342,1.270,1.453,0.998,3.398
203.0,0.538,0.465,2.032,1.179,1.319,1.574,0.948,3.338
209.7,0.612,0.462,2.095,1.255,1.385,1.452,1.083,3.137
205.2,0.581,0.458,2.058,1.342,1.309,1.414,1.020,3.191
216.5,0.571,0.474,2.018,1.383,1.313,1.526,1.065,3.359
198.9,0.568,0.468,2.168,1.420,1.259,1.497,1.138,3.317
215.2,0.533,0.460,2.100,1.397,1.438,1.400,0.995,3.238
219.3,0.660,0.472,1.910,1.255,1.380,1.439,0.992,3.263
203.5,0.555,0.487,2.138,1.317,1.260,1.546,1.020,3.336
210.2,0.541,0.479,2.235,1.242,1.306,1.532,1.007,3.157
218.3,0.580,0.447,2.168,1.447,1.319,1.508,1.085,3.322
207.8,0.633,0.459,2.000,1.251,1.263,1.402,1.054,3.368
220.8,0.608,0.450,1.956,1.229,1.301,1.354,0.994,3.174
200.1,0.588,0.471,2.023,1.406,1.358,1.442,0.957,3.221
187.2,0.607,0.466,2.117,1.242,1.302,1.446,1.025,3.244
207.6,0.569,0.470,1.952,1.350,1.303,1.469,0.993,3.257
201.1,0.523,0.459,2.284,1.374,1.333,1.554,1.039,3.243
196.3,0.477,0.473,2.296,1.475,1.330,1.604,0.954,3.194
202.7,0.499,0.475,2.168,1.493,1.322,1.571,0.983,3.307
207.0,0.560,0.486,2.344,1.178,1.401,1.575,1.037,3.308
205.4,0.623,0.458,2.013,1.221,1.270,1.441,1.077,3.082
201.5,0.567,0.468,2.001,1.185,1.313,1.538,0.949,3.300
199.0,0.612,0.467,2.141,1.305,1.277,1.312,1.008,3.192
214.6,0.511,0.463,2.076,1.409,1.177,1.508,1.030,3.303
192.2,0.565,0.477,2.041,1.308,1.180,1.451,1.028,3.148
213.3,0.636,0.471,1.991,1.192,1.392,1.480,1.021,3.163
211.4,0.637,0.440,1.945,1.253,1.360,1.423,1.013,3.245
207.9,0.575,0.471,2.004,1.275,1.422,1.405,1.038,3.244
196.3,0.571,0.485,2.028,1.297,1.302,1.491,1.030,3.221
202.4,0.457,0.470,2.339,1.341,1.299,1.704,0.942,3.254
226.1,0.687,0.475,2.051,1.244,1.384,1.352,1.026,3.157
212.6,0.555,0.464,2.119,1.381,1.441,1.562,1.022,3.166
192.2,0.617,0.475,2.109,1.407,1.339,1.517,1.035,3.205
203.2,0.533,0.453,2.056,1.352,1.268,1.416,0.985,3.106
203.2,0.577,0.459,2.002,1.257,1.476,1.360,0.981,3.260
191.5,0.519,0.481,2.330,1.373,1.253,1.595,0.996,3.319
217.7,0.618,0.464,2.056,1.378,1.317,1.420,1.094,3.210
206.7,0.586,0.459,1.995,1.259,1.271,1.537,1.022,3.244
202.5,0.495,0.469,2.349,1.272,1.312,1.586,1.038,3.373
203.8,0.561,0.476,2.077,1.352,1.359,1.451,1.060,3.242
199.0,0.469,0.463,2.391,1.364,1.365,1.456,0.957,3.095
210.1,0.593,0.440,2.105,1.324,1.315,1.416,1.110,3.101
204.6,0.659,0.466,2.054,1.391,1.350,1.298,1.135,3.270
201.7,0.475,0.462,2.209,1.315,1.300,1.624,0.970,3.200
217.1,0.539,0.478,2.114,1.261,1.340,1.323,1.004,3.238
205.4,0.533,0.466,2.307,1.474,1.350,1.474,1.031,3.211
194.1,0.568,0.453,2.140,1.161,1.339,1.605,0.982,3.258
210.6,0.551,0.459,2.074,1.244,1.307,1.471,0.957,3.213
218.9,0.567,0.473,2.196,1.246,1.259,1.426,1.069,3.112
197.2,0.477,0.469,2.185,1.267,1.273,1.670,0.967,3.337
210.8,0.557,0.449,2.151,1.254,1.317,1.371,0.982,3.203
220.1,0.677,0.484,1.937,1.165,1.420,1.409,0.988,3.366
196.4,0.547,0.470,2.127,1.181,1.272,1.602,0.939,3.230
217.5,0.505,0.453,2.135,1.290,1.215,1.519,1.007,3.300
203.0,0.512,0.460,2.103,1.345,1.323,1.657,1.007,3.274
213.5,0.567,0.449,2.234,1.286,1.410,1.401,1.110,3.149
199.1,0.556,0.477,2.093,1.317,1.301,1.574,1.004,3.264
206.5,0.516,0.446,2.210,1.311,1.358,1.587,1.054,3.142
220.4,0.650,0.457,1.984,1.301,1.503,1.461,1.066,3.338
200.5,0.558,0.475,2.204,1.279,1.243,1.457,1.069,3.240
197.2,0.537,0.481,2.108,1.273,1.246,1.388,0.990,3.333
207.7,0.591,0.461,2.153,1.300,1.379,1.347,1.065,3.143
212.5,0.533,0.476,1.999,1.275,1.360,1.559,0.966,3.329
202.0,0.555,0.467,2.146,1.319,1.190,1.451,1.017,3.106
197.1,0.499,0.428,2.146,1.419,1.248,1.644,1.027,2.967
203.1,0.586,0.474,2.072,1.295,1.350,1.520,1.055,3.285
207.2,0.622,0.478,2.019,1.296,1.390,1.458,0.957,3.320
214.7,0.668,0.490,1.997,1.229,1.365,1.306,1.016,3.304
198.5,0.598,0.472,2.074,1.251,1.348,1.500,1.000,3.247
218.2,0.520,0.445,2.196,1.291,1.314,1.396,0.997,3.293
221.6,0.681,0.466,1.952,1.202,1.303,1.488,1.071,3.285
196.6,0.474,0.460,2.314,1.499,1.302,1.628,1.059,3.093
196.3,0.534,0.483,2.219,1.294,1.317,1.597,1.043,3.324
197.7,0.518,0.466,2.253,1.306,1.349,1.643,0.975,3.236
208.0,0.578,0.479,2.058,1.338,1.285,1.530,1.052,3.261
205.0,0.589,0.471,1.913,1.249,1.305,1.486,1.037,3.232
209.7,0.663,0.468,2.036,1.274,1.299,1.342,1.037,3.232
203.2,0.535,0.465,2.007,1.221,1.228,1.665,0.991,3.271
207.1,0.531,0.485,2.132,1.247,1.297,1.580,0.920,3.473
204.5,0.498,0.484,2.200,1.310,1.354,1.561,0.956,3.297
219.3,0.532,0.478,2.082,1.296,1.464,1.458,0.959,3.347
217.4,0.562,0.468,2.084,1.286,1.490,1.452,1.095,3.185
217.8,0.521,0.460,2.131,1.269,1.227,1.551,0.985,3.205
204.9,0.565,0.469,2.022,1.326,1.276,1.501,1.084,3.039
210.1,0.536,0.495,2.087,1.371,1.256,1.459,0.974,3.389
202.2,0.523,0.449,2.229,1.347,1.329,1.554,1.025,3.102
196.1,0.501,0.472,2.168,1.461,1.418,1.530,1.006,3.313
211.6,0.618,0.463,1.974,1.194,1.444,1.453,0.963,3.111
181.1,0.515,0.477,2.286,1.352,1.308,1.588,1.008,3.227
202.6,0.547,0.473,2.124,1.331,1.384,1.471,1.004,3.270
199.0,0.543,0.463,2.060,1.275,1.344,1.555,1.004,3.226
202.2,0.518,0.450,2.161,1.284,1.302,1.564,1.032,3.077
209.7,0.507,0.468,2.013,1.330,1.355,1.548,1.013,3.334
197.9,0.661,0.493,1.978,1.299,1.300,1.459,0.976,3.273
218.1,0.558,0.464,1.957,1.363,1.392,1.428,1.091,3.173
196.4,0.598,0.476,2.184,1.280,1.201,1.476,1.072,3.279
212.4,0.521,0.459,2.209,1.461,1.379,1.510,1.065,3.288
206.5,0.626,0.477,2.009,1.198,1.295,1.369,1.046,3.236
201.6,0.536,0.464,2.121,1.345,1.385,1.551,1.096,3.203
199.5,0.514,0.477,2.049,1.286,1.248,1.537,0.940,3.443
197.2,0.532,0.468,2.243,1.329,1.225,1.543,0.941,3.080
206.6,0.573,0.464,2.108,1.278,1.254,1.419,1.045,3.063
220.0,0.630,0.477,1.904,1.310,1.331,1.375,1.122,3.098
211.3,0.531,0.484,2.282,1.350,1.309,1.390,0.952,3.287
208.8,0.462,0.481,2.301,1.354,1.327,1.656,0.946,3.269
193.6,0.550,0.471,2.190,1.372,1.200,1.467,1.048,3.167
204.6,0.683,0.479,2.033,1.307,1.362,1.361,1.078,3.281
208.4,0.474,0.473,2.309,1.262,1.151,1.620,0.957,3.466
205.7,0.527,0.472,2.295,1.318,1.345,1.519,1.056,3.257
206.1,0.525,0.462,2.121,1.278,1.326,1.596,0.966,3.197
201.6,0.508,0.463,2.436,1.523,1.438,1.500,1.051,3.231
198.4,0.503,0.466,2.205,1.258,1.278,1.592,1.036,3.274
210.2,0.599,0.465,1.997,1.497,1.473,1.496,1.119,3.246
211.0,0.529,0.474,2.227,1.359,1.328,1.519,1.063,3.292
213.3,0.502,0.460,2.178,1.380,1.304,1.533,0.984,3.189
220.9,0.629,0.441,2.163,1.246,1.290,1.359,1.060,3.001
198.4,0.562,0.472,2.156,1.398,1.308,1.503,1.023,3.238
219.8,0.599,0.463,2.110,1.266,1.311,1.397,1.054,3.080
211.3,0.552,0.457,2.190,1.390,1.432,1.459,1.070,3.039
188.9,0.504,0.467,2.243,1.466,1.281,1.595,1.094,3.223
196.8,0.499,0.454,2.237,1.389,1.256,1.680,1.044,3.212
214.1,0.636,0.470,2.133,1.196,1.251,1.339,0.918,3.295
197.2,0.497,0.474,2.220,1.364,1.251,1.567,0.943,3.319
202.7,0.486,0.473,2.378,1.421,1.222,1.550,0.994,3.201
193.7,0.474,0.477,2.367,1.424,1.306,1.577,0.942,3.253
223.6,0.539,0.448,2.171,1.417,1.317,1.426,1.070,3.258
184.2,0.520,0.493,2.244,1.406,1.314,1.524,0.996,3.368
201.2,0.593,0.457,1.959,1.265,1.301,1.432,1.014,3.141
228.5,0.672,0.479,2.006,1.215,1.350,1.323,0.984,3.201
210.2,0.503,0.464,2.441,1.412,1.382,1.566,1.078,3.217
191.3,0.507,0.475,2.324,1.332,1.197,1.511,1.025,3.184
201.4,0.540,0.474,2.209,1.298,1.316,1.411,1.009,3.221
191.5,0.564,0.463,2.089,1.324,1.108,1.585,1.012,3.248
200.3,0.576,0.461,2.117,1.314,1.245,1.412,1.009,3.198
203.5,0.586,0.465,2.100,1.413,1.255,1.456,1.038,3.181
205.2,0.527,0.466,2.298,1.508,1.332,1.552,1.058,3.265
219.4,0.685,0.467,1.965,1.340,1.319,1.343,1.055,3.056
207.5,0.587,0.475,2.115,1.252,1.353,1.577,1.018,3.231
195.4,0.516,0.445,2.117,1.398,1.312,1.571,1.008,3.284
210.9,0.575,0.451,2.076,1.361,1.272,1.349,1.067,3.120
221.8,0.821,0.492,1.875,1.070,1.439,1.360,0.967,3.273
216.6,0.610,0.467,2.068,1.305,1.242,1.353,1.038,3.246
221.2,0.593,0.465,1.951,1.319,1.186,1.434,1.029,3.326
226.1,0.620,0.443,2.001,1.205,1.335,1.245,0.988,3.155
202.5,0.501,0.467,2.072,1.361,1.213,1.563,0.993,3.238
210.9,0.637,0.417,2.111,1.125,1.336,1.307,1.004,2.954
209.1,0.530,0.456,2.154,1.313,1.271,1.581,1.021,3.231
204.4,0.549,0.476,2.232,1.362,1.306,1.504,1.039,3.179
205.9,0.700,0.454,2.026,1.319,1.248,1.391,1.076,3.145
196.8,0.599,0.466,2.006,1.336,1.189,1.278,1.079,3.099
200.5,0.577,0.492,2.094,1.302,1.318,1.556,0.920,3.300
197.4,0.570,0.488,2.112,1.301,1.275,1.550,1.002,3.219
202.5,0.562,0.443,2.027,1.336,1.337,1.430,1.066,3.035
202.6,0.496,0.475,2.249,1.447,1.315,1.613,1.004,3.327
210.9,0.597,0.467,2.144,1.410,1.239,1.488,1.132,3.278
206.2,0.432,0.442,2.374,1.474,1.330,1.694,0.978,3.097
198.8,0.509,0.467,2.220,1.458,1.164,1.550,1.023,3.184
223.0,0.583,0.462,1.973,1.373,1.294,1.452,1.001,3.268
239.1,0.718,0.471,2.021,1.136,1.497,1.414,0.963,3.111
198.5,0.545,0.468,2.120,1.331,1.320,1.486,1.078,3.410
195.3,0.519,0.474,2.150,1.389,1.380,1.550,0.928,3.340
203.3,0.561,0.458,2.097,1.362,1.208,1.491,0.985,3.295
214.9,0.640,0.458,1.903,1.189,1.216,1.325,0.949,3.139
214.3,0.509,0.456,2.153,1.251,1.344,1.479,0.972,3.128
204.7,0.564,0.465,2.099,1.298,1.216,1.469,1.013,3.296
203.9,0.556,0.464,2.091,1.271,1.302,1.566,0.944,3.219
207.1,0.582,0.478,2.140,1.306,1.310,1.529,1.039,3.133
202.2,0.490,0.468,2.366,1.484,1.274,1.661,1.095,3.244
195.4,0.613,0.474,2.025,1.347,1.199,1.506,1.069,3.130
214.3,0.664,0.479,2.046,1.246,1.357,1.408,0.991,3.246
197.6,0.528,0.468,2.128,1.267,1.309,1.652,0.909,3.260
202.5,0.588,0.457,1.935,1.242,1.293,1.407,1.021,3.264
202.2,0.523,0.473,2.144,1.393,1.317,1.622,1.091,3.120
205.6,0.590,0.472,2.039,1.195,1.310,1.450,1.055,3.284
201.2,0.531,0.458,2.135,1.339,1.324,1.569,1.019,3.282
210.2,0.487,0.461,2.153,1.304,1.297,1.645,0.959,3.113
207.9,0.488,0.462,2.173,1.414,1.272,1.535,1.019,3.286
209.1,0.499,0.459,2.139,1.390,1.290,1.623,0.968,3.079
209.1,0.603,0.476,2.031,1.391,1.251,1.443,1.059,3.246
211.1,0.510,0.485,2.246,1.383,1.278,1.527,1.009,3.268
210.2,0.533,0.457,2.175,1.305,1.300,1.480,1.040,3.131
212.2,0.630,0.484,2.006,1.281,1.262,1.359,1.024,3.210
205.8,0.461,0.508,2.274,1.342,1.175,1.652,0.948,3.443
194.4,0.463,0.465,2.231,1.422,1.360,1.779,0.998,3.252
211.8,0.567,0.452,2.047,1.367,1.396,1.484,1.082,3.280
202.4,0.524,0.457,2.032,1.333,1.408,1.551,1.009,3.308
197.4,0.567,0.462,2.176,1.296,1.238,1.574,0.993,3.197
203.1,0.511,0.465,2.325,1.338,1.366,1.525,1.056,3.276
198.5,0.549,0.446,2.106,1.370,1.266,1.567,1.013,3.141
209.6,0.609,0.447,2.067,1.297,1.427,1.339,1.065,3.173
197.4,0.501,0.463,2.205,1.412,1.411,1.615,1.025,3.208
200.3,0.504,0.463,2.074,1.257,1.257,1.617,0.882,3.248
197.9,0.529,0.455,2.064,1.446,1.275,1.626,0.999,3.097
211.0,0.600,0.467,2.117,1.270,1.396,1.386,1.052,3.244
198.3,0.541,0.472,2.153,1.309,1.272,1.623,0.947,3.281
210.9,0.633,0.465,1.932,1.171,1.296,1.447,1.023,3.178
184.8,0.536,0.468,2.098,1.261,1.257,1.613,1.027,3.288
200.3,0.521,0.466,2.065,1.314,1.283,1.610,1.052,3.245
203.3,0.513,0.482,2.259,1.320,1.315,1.597,0.999,3.285
206.2,0.563,0.483,2.095,1.227,1.262,1.450,1.005,3.277
198.8,0.492,0.456,2.271,1.481,1.311,1.601,1.032,3.112
192.3,0.533,0.477,2.204,1.332,1.220,1.456,1.013,3.256
216.7,0.655,0.454,1.982,1.119,1.278,1.412,1.073,3.105
197.7,0.465,0.481,2.361,1.322,1.299,1.734,0.981,3.362
206.0,0.549,0.468,2.302,1.356,1.538,1.449,1.011,3.333
214.9,0.551,0.477,2.084,1.297,1.283,1.429,0.994,3.253
174.5,0.498,0.489,2.169,1.427,1.269,1.591,0.943,3.356
203.5,0.518,0.464,2.270,1.350,1.446,1.485,1.035,3.260
200.7,0.547,0.470,2.196,1.386,1.313,1.499,1.029,3.295
210.2,0.579,0.470,2.112,1.150,1.284,1.419,1.001,3.246
199.6,0.489,0.478,2.173,1.396,1.309,1.555,1.009,3.340
206.8,0.491,0.455,2.222,1.343,1.287,1.619,1.094,3.272
202.6,0.497,0.472,2.316,1.350,1.413,1.663,1.016,3.252
226.4,0.573,0.468,1.955,1.317,1.317,1.476,1.064,3.285
211.5,0.513,0.468,2.089,1.239,1.260,1.547,0.953,3.231
211.7,0.540,0.471,2.049,1.276,1.251,1.383,1.008,3.333
232.8,0.774,0.495,1.892,1.155,1.245,1.147,1.035,3.106
226.8,0.576,0.449,1.985,1.162,1.327,1.371,0.966,3.131
200.8,0.568,0.463,2.116,1.241,1.367,1.488,1.016,3.076
213.9,0.605,0.461,2.078,1.197,1.304,1.447,1.057,3.215
211.4,0.592,0.471,1.877,1.407,1.401,1.429,1.053,3.259
234.4,0.768,0.492,1.976,1.161,1.356,1.261,0.989,3.288
203.2,0.500,0.477,2.184,1.319,1.234,1.622,0.959,3.149
198.0,0.506,0.490,2.219,1.348,1.226,1.597,0.965,3.337
202.5,0.561,0.469,2.049,1.368,1.353,1.562,1.016,3.290
202.3,0.539,0.464,2.123,1.303,1.344,1.485,1.041,3.336
239.3,0.704,0.456,2.071,1.150,1.418,1.481,0.952,3.165
192.4,0.595,0.457,1.982,1.219,1.174,1.511,0.939,3.161
205.7,0.478,0.447,2.034,1.315,1.350,1.584,0.986,3.046
207.1,0.515,0.446,2.126,1.389,1.431,1.529,1.027,3.184
204.7,0.555,0.465,2.027,1.313,1.337,1.607,1.024,3.403
216.7,0.564,0.461,2.098,1.241,1.374,1.389,1.040,3.219
200.7,0.589,0.460,2.200,1.289,1.370,1.534,1.020,3.424
201.7,0.622,0.447,2.086,1.254,1.244,1.311,1.064,2.981
203.0,0.517,0.483,2.066,1.411,1.177,1.555,0.997,3.320
213.1,0.604,0.452,2.090,1.285,1.419,1.468,0.954,3.171
211.4,0.512,0.456,2.293,1.254,1.298,1.468,0.949,3.122
204.4,0.596,0.477,2.134,1.259,1.234,1.517,1.055,3.363
207.6,0.607,0.461,2.074,1.318,1.298,1.356,1.101,3.278
204.8,0.551,0.476,2.156,1.272,1.310,1.494,0.979,3.286
237.3,0.886,0.463,1.978,0.966,1.242,1.247,0.912,3.040
222.9,0.648,0.482,1.953,1.205,1.355,1.366,0.982,3.357
218.6,0.638,0.456,2.174,1.353,1.331,1.361,1.103,3.248
214.7,0.663,0.468,1.976,1.161,1.498,1.427,0.987,3.272
205.3,0.580,0.472,2.031,1.291,1.254,1.406,1.044,3.395
198.8,0.533,0.469,2.107,1.382,1.320,1.635,1.065,3.172
212.3,0.504,0.466,2.156,1.272,1.393,1.570,0.997,3.243
191.3,0.546,0.475,2.010,1.330,1.388,1.401,0.985,3.300
208.5,0.539,0.470,2.208,1.222,1.290,1.445,0.961,3.221
199.4,0.611,0.487,2.054,1.232,1.344,1.414,1.041,3.440
207.4,0.534,0.448,2.067,1.367,1.312,1.402,1.038,3.152
230.3,0.529,0.458,1.962,1.239,1.299,1.468,0.922,3.342
226.3,0.522,0.464,2.042,1.153,1.222,1.446,0.930,3.230
201.6,0.559,0.478,2.231,1.369,1.370,1.394,1.072,3.398
203.2,0.520,0.453,2.110,1.375,1.283,1.534,1.026,3.221
209.1,0.497,0.473,2.374,1.352,1.380,1.587,1.061,3.173
218.1,0.596,0.454,2.042,1.339,1.414,1.351,1.060,3.074
199.3,0.570,0.479,2.167,1.355,1.316,1.561,1.122,3.342
210.2,0.568,0.456,2.060,1.302,1.252,1.492,1.126,3.172
216.3,0.676,0.465,1.892,1.223,1.317,1.404,1.098,3.085
211.7,0.661,0.465,1.889,1.283,1.269,1.311,1.027,3.207
217.6,0.654,0.450,1.995,1.289,1.361,1.316,1.081,3.100
223.2,0.646,0.470,1.903,1.258,1.469,1.337,1.066,3.222
197.9,0.508,0.463,2.194,1.385,1.247,1.527,1.034,3.298
217.0,0.545,0.456,2.169,1.257,1.341,1.518,1.068,3.343
202.8,0.592,0.458,1.948,1.199,1.281,1.429,1.013,3.225
195.3,0.594,0.474,1.995,1.275,1.409,1.529,1.011,3.320
222.6,0.482,0.450,2.132,1.328,1.428,1.604,0.920,3.298
196.6,0.545,0.460,2.159,1.286,1.378,1.694,1.038,3.207
235.1,0.649,0.464,1.868,1.274,1.240,1.356,1.012,3.259
203.8,0.561,0.454,2.113,1.366,1.399,1.443,1.061,3.135
208.8,0.573,0.458,2.184,1.320,1.324,1.412,1.102,3.373
210.4,0.520,0.449,2.235,1.406,1.280,1.408,1.080,3.158
232.8,0.669,0.474,1.967,1.174,1.375,1.432,1.020,3.262
196.9,0.543,0.457,2.066,1.408,1.410,1.545,1.072,3.228
205.3,0.529,0.456,2.208,1.373,1.335,1.626,1.043,3.359
198.3,0.563,0.458,2.220,1.206,1.287,1.427,1.077,3.231
209.7,0.566,0.478,1.963,1.163,1.512,1.506,1.055,3.309
191.8,0.599,0.454,2.025,1.326,1.378,1.495,0.995,3.291
194.7,0.592,0.473,2.032,1.333,1.326,1.559,1.062,3.337
215.4,0.552,0.441,2.054,1.301,1.250,1.430,1.039,3.150
232.9,0.678,0.471,1.943,1.208,1.386,1.264,1.098,3.384
207.5,0.623,0.485,1.896,1.269,1.361,1.299,1.062,3.300
204.7,0.587,0.486,2.049,1.325,1.344,1.406,1.117,3.246
178.8,0.498,0.484,2.312,1.366,1.283,1.696,1.051,3.195
214.4,0.500,0.460,2.181,1.231,1.267,1.502,0.996,3.206
213.4,0.571,0.460,2.013,1.207,1.320,1.508,1.002,3.338
197.6,0.536,0.463,2.162,1.368,1.321,1.515,1.059,3.190
207.4,0.585,0.491,2.017,1.268,1.315,1.391,0.992,3.320
210.3,0.564,0.466,2.049,1.309,1.318,1.528,0.994,3.226
222.8,0.635,0.477,2.037,1.391,1.416,1.309,1.126,3.225
206.8,0.587,0.447,2.052,1.330,1.263,1.438,1.133,3.081
209.9,0.614,0.478,2.083,1.220,1.460,1.413,1.056,3.302
211.9,0.516,0.463,2.198,1.287,1.283,1.508,1.021,3.262
218.5,0.506,0.450,2.282,1.330,1.311,1.477,1.049,3.224
222.1,0.688,0.479,1.908,1.305,1.314,1.227,1.143,3.283
200.6,0.592,0.464,2.072,1.361,1.307,1.523,1.052,3.167
216.8,0.635,0.477,2.008,1.239,1.464,1.517,1.056,3.225
220.7,0.539,0.458,2.141,1.281,1.400,1.524,1.016,3.295
205.0,0.572,0.458,2.071,1.402,1.266,1.482,1.098,3.150
203.8,0.477,0.465,2.234,1.443,1.288,1.641,1.018,3.222
207.6,0.594,0.465,2.013,1.278,1.297,1.369,1.166,3.200
211.7,0.568,0.461,2.058,1.304,1.395,1.455,1.005,3.256
211.0,0.573,0.464,2.014,1.328,1.408,1.462,1.027,3.446
209.8,0.574,0.465,1.897,1.263,1.273,1.552,0.998,3.154
196.8,0.540,0.472,2.157,1.276,1.269,1.580,0.976,3.311
190.5,0.482,0.470,2.278,1.420,1.293,1.563,1.059,3.207
220.2,0.645,0.481,2.001,1.117,1.321,1.339,1.022,3.366
205.9,0.539,0.476,2.048,1.272,1.337,1.382,1.038,3.231
205.8,0.570,0.466,2.071,1.200,1.258,1.558,1.081,3.224
202.1,0.504,0.461,2.176,1.380,1.372,1.543,0.963,3.217
208.1,0.623,0.465,1.970,1.322,1.514,1.405,1.080,3.180
206.9,0.694,0.478,1.960,1.211,1.283,1.404,1.011,3.239
214.1,0.574,0.465,2.032,1.264,1.402,1.449,0.987,3.238
202.3,0.589,0.485,1.982,1.261,1.260,1.533,0.993,3.191
188.8,0.499,0.485,2.112,1.407,1.289,1.672,0.957,3.306
206.7,0.545,0.473,2.068,1.375,1.299,1.538,1.013,3.364
196.3,0.556,0.480,2.265,1.379,1.422,1.399,1.064,3.476
208.4,0.552,0.476,1.985,1.316,1.239,1.596,0.972,3.234
199.9,0.563,0.469,2.076,1.305,1.292,1.528,0.980,3.225
210.6,0.506,0.454,2.168,1.442,1.271,1.597,1.051,3.204
190.6,0.501,0.453,2.236,1.306,1.302,1.695,0.996,3.188
206.9,0.517,0.458,2.048,1.281,1.295,1.501,1.051,3.274
203.0,0.532,0.447,2.169,1.464,1.524,1.543,1.019,3.247
220.1,0.474,0.456,2.136,1.341,1.325,1.519,1.031,3.256
196.0,0.513,0.468,2.113,1.518,1.230,1.612,1.044,3.429
220.1,0.700,0.473,1.990,1.278,1.368,1.226,1.189,3.265
214.4,0.602,0.469,2.029,1.264,1.336,1.481,1.005,3.214
212.9,0.534,0.489,2.232,1.325,1.384,1.577,1.035,3.372
192.2,0.545,0.467,2.363,1.459,1.607,1.522,1.127,3.219
222.4,0.578,0.460,2.055,1.230,1.311,1.484,1.050,3.232
204.7,0.576,0.469,2.164,1.381,1.271,1.457,1.048,3.239
208.6,0.564,0.451,2.062,1.408,1.296,1.356,1.086,3.151
211.5,0.613,0.470,1.978,1.239,1.314,1.321,1.026,3.277
225.1,0.514,0.457,2.202,1.349,1.398,1.542,1.041,3.145
192.7,0.538,0.500,2.166,1.348,1.320,1.483,0.983,3.466
197.0,0.574,0.490,2.025,1.396,1.258,1.533,1.017,3.242
215.7,0.588,0.463,1.985,1.400,1.511,1.461,1.001,3.133
191.2,0.613,0.487,2.281,1.381,1.432,1.475,1.088,3.367
201.0,0.458,0.479,2.314,1.417,1.249,1.551,0.941,3.403
214.9,0.569,0.465,2.169,1.305,1.489,1.401,0.985,3.223
198.5,0.496,0.468,2.364,1.500,1.362,1.524,1.094,3.200
225.3,0.623,0.457,2.023,1.391,1.434,1.271,1.120,3.181
203.7,0.598,0.465,1.901,1.187,1.324,1.469,0.986,3.124
222.0,0.511,0.467,2.297,1.309,1.446,1.534,0.981,3.453
212.1,0.545,0.456,2.203,1.330,1.513,1.435,0.990,3.269
218.5,0.585,0.485,2.078,1.279,1.330,1.385,1.020,3.305
221.1,0.621,0.466,1.958,1.266,1.292,1.326,1.077,3.310
199.2,0.500,0.471,2.169,1.378,1.203,1.543,1.024,3.300
215.7,0.577,0.489,2.044,1.240,1.230,1.452,1.033,3.348
215.3,0.685,0.477,1.981,1.095,1.426,1.393,1.000,3.439
219.2,0.560,0.470,2.014,1.323,1.270,1.553,1.019,3.283
197.1,0.584,0.474,2.072,1.382,1.312,1.521,1.126,3.364
182.5,0.503,0.481,2.275,1.417,1.286,1.687,0.951,3.356
201.4,0.694,0.488,1.983,1.177,1.322,1.375,0.951,3.206
195.9,0.567,0.487,2.129,1.354,1.287,1.463,1.020,3.270
209.2,0.491,0.478,2.220,1.389,1.265,1.502,0.956,3.293
199.6,0.572,0.491,2.159,1.415,1.320,1.377,1.003,3.363
191.5,0.559,0.470,2.123,1.307,1.092,1.503,0.991,3.291
201.3,0.548,0.500,2.188,1.171,1.304,1.458,0.975,3.451
204.3,0.670,0.479,2.107,1.275,1.315,1.436,1.091,3.123
201.7,0.643,0.476,1.988,1.330,1.303,1.492,1.061,3.231
188.5,0.515,0.494,2.242,1.501,1.208,1.501,1.010,3.388
203.0,0.465,0.461,2.234,1.358,1.248,1.660,0.911,3.324
195.2,0.492,0.477,2.245,1.511,1.255,1.702,1.027,3.301
190.8,0.527,0.473,2.151,1.462,1.215,1.566,1.026,3.206
197.7,0.467,0.498,2.262,1.490,1.203,1.555,0.959,3.220
190.7,0.480,0.493,2.208,1.447,1.211,1.668,0.948,3.538
198.4,0.545,0.469,1.976,1.359,1.316,1.640,0.969,3.215
199.9,0.546,0.508,2.047,1.453,1.134,1.522,1.006,3.279
195.2,0.481,0.473,2.162,1.409,1.369,1.467,0.918,3.230
191.9,0.490,0.481,2.135,1.468,1.297,1.724,1.015,3.400
192.0,0.436,0.471,2.220,1.452,1.353,1.722,0.868,3.179
202.0,0.575,0.474,2.107,1.345,1.334,1.496,0.971,3.200
181.6,0.479,0.489,2.423,1.486,1.216,1.693,1.070,3.314
196.2,0.528,0.467,2.250,1.359,1.438,1.549,0.992,3.419
227.5,0.483,0.440,2.023,1.402,1.282,1.518,1.056,3.128
195.1,0.596,0.493,1.985,1.358,1.263,1.435,1.041,3.402
190.3,0.589,0.461,2.054,1.185,1.281,1.499,0.973,3.271
211.6,0.489,0.480,2.188,1.319,1.307,1.662,0.973,3.298
210.0,0.572,0.473,2.199,1.462,1.290,1.505,1.147,3.287
190.8,0.454,0.471,2.215,1.603,1.289,1.673,0.965,3.255
199.6,0.523,0.462,2.189,1.544,1.293,1.493,0.992,3.317
198.2,0.511,0.469,2.152,1.189,1.334,1.566,1.040,3.184
207.3,0.631,0.462,1.990,1.207,1.354,1.508,1.008,3.274
204.3,0.473,0.468,2.288,1.312,1.289,1.590,0.977,3.156
236.2,0.867,0.477,1.791,1.083,1.410,1.163,1.014,3.305
195.8,0.574,0.483,2.045,1.350,1.199,1.536,0.946,3.338
200.5,0.445,0.476,2.253,1.251,1.329,1.667,0.927,3.257
195.4,0.554,0.478,2.126,1.435,1.276,1.482,1.095,3.207
198.2,0.538,0.491,2.158,1.334,1.230,1.476,1.007,3.325
208.4,0.711,0.473,1.939,1.215,1.208,1.380,0.988,3.343
187.7,0.537,0.472,2.184,1.558,1.321,1.463,1.013,3.313
193.9,0.536,0.494,2.167,1.314,1.232,1.557,1.005,3.273
201.1,0.549,0.466,2.154,1.431,1.331,1.439,1.077,3.136
189.6,0.531,0.492,2.098,1.346,1.141,1.556,0.993,3.402
192.8,0.566,0.478,2.071,1.356,1.313,1.341,1.008,3.232
196.6,0.562,0.493,2.084,1.399,1.367,1.444,0.966,3.392
198.6,0.521,0.487,2.171,1.345,1.257,1.603,1.014,3.243
197.3,0.475,0.486,2.210,1.424,1.245,1.682,0.988,3.271
193.5,0.529,0.479,2.178,1.313,1.188,1.467,0.981,3.209
199.3,0.576,0.483,2.100,1.287,1.306,1.479,1.017,3.161
210.8,0.727,0.497,1.864,1.213,1.179,1.286,0.983,3.296
197.9,0.614,0.475,2.116,1.323,1.392,1.396,1.097,3.186
189.7,0.547,0.484,2.033,1.286,1.211,1.556,0.933,3.368
201.2,0.532,0.482,2.166,1.367,1.205,1.586,0.964,3.243
194.4,0.626,0.477,2.002,1.374,1.168,1.468,0.942,3.313
188.1,0.581,0.467,2.069,1.406,1.159,1.498,1.015,3.257
186.0,0.584,0.465,2.150,1.292,1.261,1.567,1.066,3.205
198.3,0.548,0.467,2.168,1.380,1.225,1.435,1.019,3.241
213.3,0.581,0.467,2.087,1.257,1.322,1.350,0.998,3.323
191.6,0.578,0.494,2.230,1.259,1.256,1.503,1.041,3.288
188.4,0.509,0.478,2.146,1.365,1.377,1.631,0.979,3.360
208.1,0.566,0.490,2.057,1.364,1.276,1.412,1.027,3.365
192.0,0.552,0.487,2.067,1.342,1.210,1.483,1.015,3.386
229.2,0.660,0.457,2.054,1.222,1.277,1.366,1.054,3.170
217.0,0.627,0.455,2.067,1.263,1.517,1.430,1.014,3.170
204.3,0.555,0.466,2.234,1.422,1.457,1.455,0.997,3.068
192.6,0.595,0.439,1.969,1.419,1.333,1.576,1.039,3.166
196.9,0.524,0.463,2.240,1.289,1.372,1.475,0.899,3.112
210.0,0.544,0.443,2.067,1.391,1.421,1.390,1.025,3.098
225.8,0.721,0.497,1.919,1.179,1.542,1.506,1.118,3.394
203.8,0.530,0.443,2.251,1.311,1.285,1.531,0.982,3.025
207.8,0.513,0.452,2.212,1.352,1.286,1.490,0.991,3.332
200.1,0.492,0.440,2.328,1.453,1.376,1.601,0.991,3.194
201.7,0.504,0.451,2.175,1.426,1.308,1.644,0.940,3.184
198.3,0.527,0.464,2.221,1.516,1.432,1.550,1.057,3.184
216.7,0.654,0.454,1.986,1.253,1.416,1.289,0.994,3.101
204.9,0.615,0.463,1.877,1.353,1.502,1.518,1.042,3.021
201.2,0.498,0.458,2.173,1.496,1.313,1.534,0.981,3.239
207.7,0.614,0.469,2.038,1.326,1.203,1.494,1.007,3.450
187.0,0.507,0.471,2.106,1.360,1.297,1.588,0.967,3.337
205.9,0.612,0.470,1.898,1.527,1.263,1.445,1.067,3.120
214.3,0.624,0.443,1.951,1.368,1.475,1.311,1.043,3.149
219.4,0.556,0.446,2.157,1.323,1.569,1.436,0.921,3.060
206.8,0.521,0.454,2.169,1.398,1.316,1.506,1.050,3.216
201.2,0.510,0.458,2.135,1.397,1.165,1.549,0.947,3.341
194.6,0.498,0.450,2.258,1.474,1.446,1.559,0.985,3.067
215.6,0.554,0.468,2.141,1.385,1.460,1.366,0.927,3.310
198.6,0.552,0.430,2.142,1.493,1.411,1.494,1.013,3.076
195.1,0.590,0.458,2.036,1.264,1.451,1.392,1.018,3.233
244.3,0.764,0.470,2.002,1.144,1.518,1.345,0.927,3.281
204.4,0.630,0.464,2.058,1.361,1.328,1.443,0.982,3.223
184.5,0.491,0.466,2.242,1.492,1.237,1.757,0.993,3.145
196.8,0.485,0.445,2.421,1.429,1.418,1.591,0.973,3.230
201.3,0.502,0.451,2.098,1.435,1.445,1.571,0.983,3.119
199.9,0.484,0.429,2.230,1.417,1.316,1.534,0.941,2.981
187.3,0.467,0.458,2.267,1.484,1.246,1.729,0.965,3.223
198.4,0.509,0.488,2.290,1.446,1.273,1.606,0.949,3.587
216.8,0.577,0.463,2.132,1.320,1.136,1.435,1.058,3.247
209.9,0.460,0.469,2.377,1.353,1.229,1.634,0.859,3.239
212.9,0.560,0.478,2.118,1.332,1.271,1.439,0.997,3.383
246.0,0.703,0.484,2.045,1.114,1.430,1.439,0.923,3.209
209.3,0.561,0.467,2.160,1.331,1.398,1.474,0.960,3.393
224.6,0.628,0.476,1.883,1.334,1.307,1.371,1.069,3.352
210.5,0.464,0.451,2.207,1.318,1.233,1.646,0.945,3.187
202.7,0.623,0.465,2.065,1.344,1.293,1.496,1.015,3.378
192.4,0.512,0.467,2.252,1.404,1.207,1.685,0.989,3.294
225.7,0.637,0.448,2.017,1.341,1.362,1.251,1.001,3.177
202.7,0.543,0.479,2.110,1.323,1.163,1.486,0.973,3.279
206.4,0.531,0.467,2.107,1.449,1.343,1.492,0.983,3.330
213.7,0.515,0.465,2.086,1.387,1.391,1.540,0.922,3.112
195.9,0.547,0.465,2.145,1.448,1.231,1.536,0.999,3.268
201.9,0.606,0.478,2.060,1.286,1.234,1.455,0.968,3.448
209.4,0.599,0.454,2.142,1.409,1.194,1.412,1.093,3.263
216.6,0.441,0.463,2.253,1.404,1.350,1.632,0.894,3.322
206.7,0.594,0.483,2.044,1.406,1.353,1.381,1.060,3.446
211.2,0.574,0.484,1.971,1.435,1.479,1.415,1.035,3.179
203.6,0.501,0.466,2.259,1.393,1.204,1.537,1.074,3.366
191.8,0.506,0.483,2.313,1.505,1.222,1.604,1.065,3.301
195.8,0.578,0.467,2.172,1.253,1.308,1.411,0.961,3.408
211.5,0.505,0.467,2.299,1.506,1.449,1.377,1.021,3.234
207.3,0.606,0.464,1.982,1.378,1.369,1.402,1.060,3.202
198.7,0.484,0.462,2.229,1.480,1.253,1.575,1.002,3.159
214.8,0.493,0.476,2.084,1.398,1.296,1.532,0.931,3.404
227.6,0.478,0.448,2.270,1.418,1.369,1.586,0.935,3.245
196.4,0.483,0.476,2.247,1.389,1.235,1.654,0.929,3.423
205.5,0.588,0.488,2.110,1.292,1.296,1.446,1.014,3.370
204.7,0.505,0.470,2.141,1.367,1.230,1.607,0.999,3.284
229.4,0.782,0.458,1.945,1.158,1.446,1.288,0.960,3.203
208.2,0.598,0.476,1.987,1.362,1.407,1.526,1.030,3.395
220.2,0.705,0.489,1.882,1.214,1.299,1.419,0.978,3.363
215.4,0.607,0.463,2.056,1.289,1.290,1.336,0.934,3.218
193.0,0.489,0.464,2.259,1.412,1.372,1.596,0.931,3.266
227.4,0.656,0.450,1.967,1.179,1.372,1.305,0.944,3.209
213.0,0.624,0.462,1.999,1.380,1.410,1.286,1.008,3.153
215.7,0.692,0.485,1.903,1.196,1.268,1.228,0.978,3.308
222.7,0.633,0.471,1.873,1.195,1.223,1.231,0.929,3.356
210.4,0.469,0.463,2.298,1.466,1.332,1.522,1.018,3.214
213.1,0.551,0.467,2.194,1.483,1.502,1.515,1.041,3.298
210.0,0.587,0.483,2.036,1.366,1.413,1.404,1.035,3.335
214.8,0.645,0.435,1.977,1.212,1.531,1.277,0.999,3.089
209.1,0.782,0.473,1.894,1.296,1.329,1.202,1.186,3.080
193.0,0.533,0.453,2.212,1.347,1.328,1.648,1.036,3.109
221.8,0.530,0.456,2.170,1.557,1.435,1.336,1.061,3.056
207.0,0.583,0.448,2.052,1.437,1.358,1.465,1.070,3.177
225.1,0.505,0.460,2.087,1.395,1.294,1.501,1.015,3.260
202.4,0.534,0.450,2.229,1.366,1.348,1.541,1.002,3.381
206.3,0.534,0.462,2.221,1.268,1.458,1.616,0.942,3.274
187.0,0.533,0.487,2.250,1.446,1.268,1.592,1.013,3.457
216.8,0.495,0.458,2.136,1.498,1.197,1.510,1.028,3.268
197.3,0.513,0.473,2.197,1.458,1.175,1.612,0.995,3.307
198.6,0.506,0.453,2.326,1.482,1.524,1.492,1.033,3.244
207.3,0.609,0.482,2.033,1.344,1.202,1.331,1.004,3.426
215.2,0.614,0.462,1.952,1.370,1.274,1.488,1.033,3.196
199.7,0.523,0.450,2.145,1.482,1.233,1.418,1.012,3.151
215.2,0.617,0.452,2.024,1.311,1.584,1.402,1.029,3.070
193.3,0.627,0.485,2.029,1.328,1.197,1.490,1.016,3.364
195.2,0.534,0.452,2.164,1.495,1.387,1.437,1.023,3.160
204.1,0.531,0.483,2.209,1.411,1.336,1.489,0.987,3.363
201.6,0.477,0.478,2.184,1.552,1.387,1.652,0.951,3.307
197.5,0.569,0.471,2.092,1.468,1.362,1.447,1.009,3.195
228.0,0.520,0.457,2.365,1.431,1.544,1.418,1.041,3.036
223.5,0.547,0.452,2.165,1.433,1.456,1.325,1.055,3.146
187.1,0.464,0.483,2.499,1.362,1.182,1.700,0.959,3.195
213.7,0.525,0.464,2.097,1.317,1.463,1.398,0.987,3.196
192.3,0.498,0.476,2.241,1.474,1.298,1.601,0.965,3.238
205.4,0.456,0.449,2.329,1.537,1.421,1.528,0.934,2.993
211.6,0.536,0.455,2.186,1.304,1.232,1.464,1.044,3.320
196.8,0.563,0.467,2.163,1.196,1.282,1.540,0.977,3.193
213.0,0.618,0.501,1.928,1.287,1.390,1.515,0.880,3.336
199.4,0.478,0.467,2.265,1.399,1.246,1.607,0.951,3.229
197.0,0.528,0.473,2.142,1.301,1.270,1.534,1.059,3.269
199.0,0.521,0.466,2.132,1.285,1.265,1.492,0.968,3.202
198.5,0.493,0.458,2.175,1.303,1.400,1.607,1.012,3.271
201.6,0.569,0.457,1.997,1.307,1.438,1.459,1.111,3.149
194.7,0.510,0.487,2.311,1.423,1.244,1.495,1.083,3.422
194.1,0.587,0.462,2.055,1.408,1.297,1.442,0.997,3.129
197.3,0.582,0.459,2.170,1.412,1.275,1.499,1.117,3.042
206.7,0.550,0.474,1.990,1.268,1.396,1.443,0.947,3.281
189.3,0.540,0.466,2.229,1.420,1.325,1.570,1.105,3.241
208.6,0.505,0.455,2.161,1.457,1.307,1.492,1.032,3.286
201.7,0.518,0.483,2.289,1.241,1.483,1.473,1.087,3.301
204.3,0.530,0.486,2.185,1.350,1.344,1.467,1.044,3.304
210.8,0.566,0.479,2.182,1.298,1.305,1.396,1.019,3.214
194.1,0.573,0.463,2.118,1.263,1.351,1.454,1.012,3.118
201.9,0.499,0.449,2.173,1.394,1.251,1.647,1.003,3.172
190.6,0.495,0.457,2.281,1.395,1.305,1.507,1.062,3.218
213.6,0.599,0.451,1.941,1.193,1.384,1.494,0.977,3.175
203.0,0.591,0.456,2.091,1.235,1.438,1.532,0.966,3.373
200.1,0.580,0.455,2.038,1.510,1.393,1.430,1.161,3.237
191.3,0.563,0.461,2.190,1.358,1.250,1.529,1.006,3.319
201.6,0.542,0.471,2.170,1.342,1.331,1.538,1.003,3.371
196.5,0.550,0.461,2.065,1.270,1.254,1.508,0.969,3.094
218.0,0.582,0.461,2.056,1.251,1.345,1.488,1.040,3.249
194.0,0.627,0.475,2.020,1.310,1.374,1.341,1.021,3.237
192.3,0.506,0.465,2.323,1.564,1.218,1.564,1.057,3.206
192.1,0.510,0.463,2.236,1.374,1.261,1.624,1.059,3.175
205.4,0.588,0.465,2.197,1.367,1.356,1.405,1.047,3.212
203.6,0.572,0.456,2.144,1.321,1.394,1.458,1.052,3.303
188.6,0.541,0.473,2.212,1.380,1.213,1.523,0.980,3.153
183.0,0.474,0.466,2.151,1.370,1.296,1.675,0.983,3.344
185.0,0.538,0.460,2.134,1.401,1.385,1.515,1.045,3.237
201.0,0.484,0.457,2.230,1.469,1.375,1.494,1.037,3.198
197.0,0.534,0.446,2.079,1.314,1.442,1.653,0.984,3.297
199.1,0.533,0.467,2.101,1.314,1.290,1.529,0.965,3.149
193.9,0.499,0.479,2.172,1.304,1.356,1.644,0.974,3.271
204.8,0.477,0.453,2.238,1.391,1.245,1.518,0.999,3.147
191.5,0.501,0.483,2.103,1.261,1.361,1.576,0.949,3.411
206.9,0.628,0.438,2.127,1.328,1.412,1.427,1.107,3.100
204.4,0.616,0.469,2.042,1.358,1.318,1.411,1.053,3.215
196.2,0.488,0.464,2.253,1.383,1.381,1.580,1.016,3.186
200.3,0.476,0.454,2.055,1.410,1.371,1.610,0.930,3.151
196.2,0.594,0.469,2.135,1.284,1.305,1.403,1.042,3.189
186.4,0.485,0.464,2.251,1.343,1.312,1.607,0.995,3.111
214.9,0.530,0.478,2.030,1.321,1.421,1.545,1.055,3.314
186.4,0.486,0.464,2.294,1.376,1.378,1.615,1.017,3.233
205.3,0.622,0.467,1.906,1.237,1.368,1.400,1.005,3.248
201.3,0.565,0.458,2.038,1.451,1.365,1.440,1.060,3.199
198.6,0.475,0.474,2.198,1.387,1.274,1.567,0.973,3.357
203.3,0.544,0.466,2.200,1.364,1.421,1.456,0.997,3.105
202.1,0.602,0.468,2.061,1.305,1.332,1.396,0.989,3.227
202.0,0.466,0.452,2.163,1.381,1.364,1.634,0.988,3.181
197.9,0.480,0.461,2.262,1.397,1.290,1.571,0.920,3.304
193.5,0.503,0.452,2.237,1.556,1.274,1.542,1.083,3.271
206.1,0.558,0.468,2.100,1.234,1.395,1.451,1.018,3.214
203.1,0.562,0.474,2.139,1.356,1.329,1.497,1.014,3.438
186.7,0.497,0.474,2.233,1.471,1.330,1.602,0.983,3.268
206.5,0.561,0.454,2.038,1.345,1.317,1.435,1.003,3.257
194.3,0.524,0.472,2.114,1.489,1.364,1.449,1.063,3.192
203.2,0.443,0.446,2.318,1.411,1.415,1.564,0.986,3.241
194.6,0.461,0.482,2.264,1.361,1.289,1.702,0.986,3.207
194.1,0.523,0.464,2.238,1.417,1.343,1.515,1.036,3.249
190.0,0.529,0.482,2.083,1.375,1.290,1.574,0.975,3.305
217.8,0.681,0.461,2.039,1.293,1.516,1.330,1.036,3.301
195.9,0.588,0.491,2.004,1.254,1.263,1.485,1.028,3.154
211.7,0.478,0.455,2.326,1.306,1.384,1.533,0.988,3.156
191.0,0.522,0.483,2.244,1.443,1.256,1.531,1.031,3.247
193.7,0.555,0.458,2.041,1.348,1.374,1.542,1.056,3.339
186.5,0.498,0.467,2.208,1.338,1.285,1.656,0.985,3.306
193.0,0.466,0.440,2.197,1.409,1.304,1.647,1.008,3.139
197.7,0.514,0.480,2.288,1.294,1.381,1.553,1.058,3.242
194.7,0.505,0.453,2.124,1.308,1.310,1.537,0.976,3.232
188.5,0.541,0.470,2.209,1.381,1.255,1.495,1.011,3.298
194.6,0.486,0.465,2.354,1.415,1.354,1.632,1.052,3.219
203.2,0.531,0.491,2.135,1.362,1.311,1.555,1.029,3.409
210.9,0.497,0.474,2.186,1.327,1.260,1.599,0.941,3.311
202.8,0.477,0.453,2.066,1.269,1.361,1.734,0.999,3.141
212.5,0.471,0.453,2.182,1.424,1.299,1.520,1.049,3.260
196.3,0.536,0.454,2.227,1.422,1.284,1.533,1.012,3.149
196.2,0.487,0.463,2.234,1.317,1.268,1.560,0.913,3.131
207.1,0.454,0.464,2.241,1.406,1.429,1.524,1.002,3.187
192.2,0.512,0.458,2.153,1.495,1.351,1.486,1.005,3.185
193.0,0.492,0.476,2.259,1.328,1.332,1.591,1.004,3.205
192.1,0.522,0.455,2.131,1.289,1.365,1.628,0.989,3.139
201.8,0.559,0.472,2.046,1.449,1.290,1.450,1.131,3.207
196.8,0.488,0.461,2.224,1.406,1.271,1.659,0.937,3.237
216.1,0.607,0.454,2.018,1.156,1.323,1.471,0.977,3.312
191.9,0.535,0.479,2.036,1.478,1.326,1.560,0.992,3.186
191.0,0.428,0.451,2.394,1.419,1.313,1.766,1.025,3.037
193.5,0.532,0.452,2.254,1.531,1.338,1.567,1.052,3.208
201.0,0.537,0.470,2.207,1.383,1.310,1.475,1.022,3.161
204.5,0.471,0.464,2.139,1.466,1.314,1.536,0.971,3.371
213.3,0.574,0.452,2.139,1.385,1.282,1.426,1.031,3.210
186.9,0.530,0.478,2.176,1.476,1.363,1.576,1.106,3.477
192.1,0.510,0.467,2.110,1.489,1.343,1.507,0.983,3.259
210.6,0.452,0.444,2.261,1.480,1.426,1.577,0.999,3.047
200.2,0.487,0.446,2.225,1.453,1.297,1.670,1.047,3.250
215.3,0.499,0.458,2.075,1.356,1.315,1.428,1.008,3.445
199.9,0.485,0.460,2.363,1.430,1.376,1.610,0.999,3.201
200.0,0.705,0.471,1.919,1.302,1.269,1.280,0.974,3.326
197.0,0.475,0.469,2.283,1.371,1.301,1.524,0.962,3.153
193.6,0.509,0.484,2.128,1.313,1.245,1.565,0.970,3.149
208.0,0.563,0.458,1.993,1.503,1.393,1.536,1.108,3.142
201.2,0.546,0.472,2.129,1.456,1.356,1.517,1.105,3.195
204.9,0.485,0.462,2.151,1.239,1.313,1.498,1.027,3.227
192.4,0.462,0.485,2.255,1.386,1.285,1.747,1.032,3.386
209.4,0.525,0.454,2.212,1.397,1.416,1.465,1.037,3.187
203.4,0.476,0.466,2.223,1.402,1.279,1.592,1.025,3.214
203.1,0.494,0.472,2.162,1.352,1.313,1.594,0.943,3.334
195.0,0.511,0.472,2.300,1.407,1.365,1.631,1.022,3.188
190.6,0.480,0.474,2.240,1.422,1.347,1.658,1.020,3.191
188.7,0.495,0.471,2.217,1.515,1.452,1.652,1.045,3.162
191.0,0.564,0.459,2.065,1.302,1.308,1.542,1.007,3.237
201.8,0.515,0.488,2.149,1.349,1.282,1.601,0.949,3.267
205.0,0.511,0.467,2.109,1.341,1.266,1.498,1.037,3.153
188.0,0.531,0.462,2.095,1.417,1.282,1.481,1.008,3.153
201.8,0.509,0.453,2.254,1.402,1.239,1.544,1.038,3.052
196.0,0.590,0.471,2.102,1.381,1.311,1.554,1.069,3.276
196.3,0.570,0.475,2.010,1.256,1.384,1.522,0.929,3.291
192.3,0.580,0.478,2.166,1.487,1.382,1.524,1.081,3.258
181.3,0.516,0.475,2.191,1.422,1.336,1.510,1.018,3.271
201.6,0.598,0.470,1.982,1.430,1.268,1.409,1.060,3.204
196.5,0.502,0.458,2.235,1.278,1.337,1.614,0.940,3.293
209.5,0.509,0.444,2.199,1.374,1.370,1.507,1.088,3.111
193.3,0.504,0.500,2.150,1.283,1.439,1.525,0.938,3.349
197.0,0.605,0.482,1.986,1.245,1.362,1.490,0.982,3.206
201.6,0.573,0.461,2.049,1.359,1.260,1.556,1.106,3.195
196.8,0.499,0.474,2.262,1.436,1.452,1.556,1.095,3.343
197.2,0.633,0.459,2.037,1.410,1.189,1.481,1.167,3.192
196.2,0.548,0.467,2.073,1.309,1.387,1.524,0.996,3.236
177.5,0.650,0.467,1.767,1.387,1.254,1.553,1.089,3.013
195.1,0.517,0.459,2.089,1.372,1.422,1.496,0.991,3.399
195.4,0.491,0.463,2.324,1.368,1.226,1.563,1.051,3.269
193.4,0.510,0.460,2.056,1.444,1.393,1.521,1.035,3.240
202.8,0.494,0.458,2.253,1.507,1.278,1.555,1.025,3.239
215.2,0.633,0.478,2.027,1.289,1.432,1.432,1.038,3.178
196.3,0.551,0.462,2.149,1.348,1.340,1.557,1.085,3.147
210.1,0.567,0.475,2.044,1.562,1.227,1.463,1.110,3.215
197.3,0.553,0.469,2.137,1.288,1.311,1.439,0.959,3.235
189.3,0.502,0.478,2.132,1.478,1.297,1.554,1.033,3.148
210.2,0.519,0.434,2.110,1.370,1.446,1.553,1.038,3.210
192.4,0.513,0.469,2.151,1.421,1.239,1.550,1.034,3.251
202.0,0.467,0.465,2.289,1.449,1.262,1.563,1.043,3.206
192.3,0.471,0.446,2.286,1.378,1.356,1.527,0.948,3.150
195.2,0.562,0.456,2.136,1.363,1.333,1.624,0.951,3.276
199.0,0.469,0.469,2.248,1.381,1.323,1.654,0.996,3.290
194.1,0.540,0.481,2.120,1.341,1.381,1.535,0.992,3.382
193.5,0.528,0.463,2.186,1.377,1.344,1.460,1.038,3.105
189.4,0.492,0.494,2.216,1.375,1.332,1.547,1.008,3.304
203.2,0.602,0.460,2.013,1.403,1.378,1.418,1.134,3.150
199.7,0.539,0.478,2.185,1.345,1.297,1.556,1.040,3.332
203.0,0.525,0.446,2.141,1.394,1.378,1.458,1.024,3.223
204.1,0.540,0.459,2.227,1.469,1.364,1.489,1.041,3.214
203.9,0.449,0.454,2.318,1.484,1.299,1.734,1.086,3.161
195.0,0.500,0.466,2.190,1.374,1.316,1.549,1.000,3.240
201.9,0.461,0.443,2.229,1.430,1.309,1.724,1.035,3.160
192.3,0.582,0.459,2.018,1.313,1.294,1.579,0.998,3.302
198.7,0.507,0.432,2.240,1.555,1.375,1.599,1.154,3.171
191.0,0.470,0.473,2.306,1.373,1.381,1.587,0.981,3.251
201.8,0.456,0.465,2.266,1.551,1.411,1.649,1.069,3.219
203.2,0.465,0.468,2.302,1.400,1.276,1.667,1.002,3.315
201.2,0.504,0.429,2.245,1.490,1.374,1.484,1.123,3.029
195.7,0.470,0.456,2.219,1.450,1.301,1.641,1.023,3.188
183.5,0.461,0.461,2.118,1.419,1.243,1.605,0.960,3.214
198.0,0.552,0.454,2.086,1.281,1.374,1.544,0.917,3.247
195.5,0.545,0.455,2.048,1.486,1.337,1.399,1.067,3.100
203.5,0.578,0.454,2.023,1.291,1.291,1.470,0.964,3.056
204.6,0.575,0.486,1.919,1.279,1.301,1.561,1.032,3.142
197.8,0.489,0.458,2.175,1.373,1.384,1.629,1.022,3.149
201.3,0.514,0.463,2.178,1.288,1.376,1.464,1.003,3.161
200.6,0.522,0.473,2.100,1.354,1.312,1.517,1.001,3.377
198.6,0.607,0.475,2.023,1.267,1.317,1.477,0.955,3.323
195.6,0.451,0.466,2.275,1.468,1.334,1.579,0.981,3.148
209.2,0.459,0.471,2.242,1.307,1.255,1.569,0.940,3.262
199.3,0.494,0.488,2.141,1.190,1.353,1.606,0.988,3.214
201.7,0.607,0.464,2.055,1.411,1.234,1.444,1.073,3.194
206.2,0.508,0.474,2.171,1.431,1.339,1.466,0.995,3.201
202.3,0.492,0.432,2.195,1.405,1.330,1.447,1.051,3.155
207.7,0.490,0.468,2.287,1.499,1.345,1.554,1.083,3.252
193.6,0.439,0.451,2.296,1.366,1.258,1.664,0.949,3.166
194.2,0.501,0.473,2.322,1.470,1.361,1.630,1.037,3.352
211.5,0.607,0.465,2.001,1.339,1.430,1.537,1.119,3.124
217.1,0.496,0.448,2.321,1.388,1.383,1.472,1.089,3.186
207.9,0.460,0.452,2.250,1.266,1.247,1.605,0.968,3.119
197.7,0.536,0.460,2.207,1.460,1.379,1.486,1.103,3.298
212.8,0.523,0.436,2.041,1.451,1.312,1.536,1.041,3.130
208.7,0.487,0.450,2.117,1.365,1.386,1.570,1.026,3.252
203.1,0.534,0.477,2.085,1.319,1.338,1.566,1.046,3.466
191.8,0.506,0.476,2.224,1.478,1.381,1.573,1.014,3.188
191.2,0.482,0.493,2.199,1.231,1.337,1.798,0.966,3.205
202.7,0.439,0.464,2.247,1.425,1.263,1.648,0.969,3.478
199.3,0.473,0.486,2.210,1.509,1.322,1.644,0.982,3.271
199.6,0.441,0.452,2.257,1.488,1.389,1.653,0.969,3.062
202.2,0.455,0.469,2.270,1.359,1.264,1.678,1.000,3.316
195.3,0.476,0.461,2.368,1.463,1.405,1.640,1.057,3.140
186.9,0.481,0.478,2.240,1.474,1.515,1.574,1.044,3.331
183.9,0.536,0.473,2.150,1.401,1.274,1.574,1.052,3.347
192.4,0.514,0.471,2.346,1.483,1.333,1.537,1.079,3.310
196.8,0.500,0.467,2.172,1.398,1.311,1.580,1.031,3.262
198.7,0.493,0.463,2.328,1.284,1.294,1.650,1.011,3.256
195.6,0.471,0.463,2.200,1.365,1.358,1.653,1.051,3.089
189.4,0.515,0.456,2.173,1.380,1.399,1.530,1.009,3.220
192.7,0.466,0.476,2.241,1.574,1.300,1.583,0.970,3.294
190.5,0.468,0.470,2.316,1.433,1.326,1.584,0.969,3.218
193.7,0.468,0.473,2.281,1.407,1.393,1.649,1.001,3.235
207.5,0.536,0.473,2.122,1.245,1.388,1.473,0.994,3.267
193.2,0.583,0.469,2.145,1.496,1.330,1.508,1.095,3.179
197.9,0.466,0.480,2.244,1.197,1.425,1.691,0.997,3.331
215.8,0.699,0.480,1.889,1.297,1.329,1.358,1.037,3.283
205.2,0.500,0.462,2.152,1.349,1.317,1.625,1.016,3.297
195.2,0.491,0.457,2.142,1.574,1.434,1.671,0.984,3.314
187.0,0.534,0.481,2.293,1.335,1.324,1.553,0.991,3.365
189.8,0.490,0.470,2.236,1.299,1.352,1.620,0.994,3.293
192.9,0.468,0.460,2.291,1.601,1.311,1.692,1.070,3.253
210.4,0.486,0.448,2.090,1.330,1.498,1.546,0.968,3.082
198.1,0.509,0.464,2.206,1.400,1.474,1.573,0.997,3.226
191.3,0.444,0.467,2.318,1.485,1.341,1.633,0.997,3.153
197.0,0.505,0.451,2.224,1.477,1.348,1.510,1.009,3.149
219.2,0.520,0.435,1.995,1.462,1.375,1.568,1.049,3.190
212.0,0.511,0.460,2.129,1.399,1.346,1.411,1.031,3.270
197.5,0.616,0.444,1.869,1.369,1.386,1.459,1.102,2.943
197.5,0.600,0.471,1.948,1.400,1.360,1.521,1.074,3.340
210.9,0.572,0.451,2.106,1.446,1.338,1.483,1.082,3.037
192.1,0.612,0.479,1.993,1.274,1.264,1.322,1.010,3.281
188.5,0.487,0.459,2.178,1.347,1.349,1.604,0.956,3.179
209.0,0.587,0.455,2.026,1.352,1.394,1.464,1.086,3.099
187.3,0.581,0.483,2.138,1.330,1.252,1.441,1.090,3.166
200.3,0.472,0.477,2.224,1.407,1.406,1.620,0.933,3.317
195.6,0.573,0.470,2.222,1.528,1.188,1.303,1.113,3.335
200.7,0.612,0.474,2.126,1.368,1.228,1.334,1.082,3.081
199.9,0.489,0.462,2.176,1.362,1.344,1.527,1.066,3.119
205.2,0.607,0.481,1.901,1.226,1.236,1.418,1.038,3.275
199.0,0.512,0.465,2.189,1.241,1.238,1.459,0.984,3.341
205.7,0.489,0.457,2.149,1.358,1.166,1.575,0.962,3.206
198.5,0.560,0.482,2.044,1.273,1.326,1.503,1.015,3.230
205.4,0.536,0.470,2.093,1.447,1.227,1.434,1.046,3.188
201.4,0.496,0.486,2.142,1.463,1.331,1.515,0.954,3.478
188.7,0.530,0.465,2.045,1.478,1.348,1.566,1.010,3.260
204.3,0.522,0.465,2.258,1.418,1.352,1.506,1.125,3.152
198.5,0.538,0.471,2.069,1.356,1.283,1.491,0.959,3.267
190.8,0.523,0.467,2.220,1.361,1.358,1.501,1.053,3.168
201.3,0.545,0.472,2.161,1.485,1.403,1.499,1.123,3.204
213.0,0.595,0.468,1.979,1.234,1.312,1.427,1.061,3.156
194.2,0.579,0.469,1.974,1.341,1.228,1.451,1.008,3.127
197.3,0.557,0.465,2.049,1.346,1.339,1.464,0.980,3.136
196.6,0.576,0.458,2.065,1.288,1.277,1.538,0.962,3.174
205.3,0.474,0.464,2.220,1.384,1.234,1.625,1.069,3.143
198.4,0.530,0.456,2.075,1.336,1.363,1.545,1.016,3.342
194.3,0.542,0.472,2.155,1.468,1.299,1.453,1.108,3.316
193.9,0.565,0.475,2.224,1.459,1.362,1.448,1.098,3.288
202.1,0.467,0.461,2.227,1.422,1.268,1.661,1.084,3.109
195.0,0.580,0.465,2.044,1.337,1.341,1.396,1.009,3.185
200.3,0.498,0.487,2.193,1.450,1.314,1.627,0.948,3.391
196.2,0.525,0.452,2.107,1.380,1.373,1.535,1.015,3.178
199.6,0.527,0.477,2.180,1.362,1.402,1.497,1.042,3.322
200.6,0.560,0.479,2.126,1.371,1.266,1.396,1.029,3.314
211.3,0.542,0.449,2.047,1.385,1.319,1.451,1.025,3.203
189.3,0.602,0.455,2.032,1.377,1.249,1.414,1.099,3.162
214.0,0.585,0.471,2.118,1.450,1.297,1.386,1.104,3.162
189.2,0.644,0.489,2.143,1.480,1.301,1.366,1.118,3.355
210.2,0.529,0.453,2.241,1.483,1.338,1.534,1.156,3.084
192.0,0.510,0.459,2.258,1.370,1.319,1.565,1.061,3.265
210.5,0.575,0.459,2.142,1.283,1.424,1.466,0.972,3.309
206.3,0.530,0.458,2.065,1.452,1.124,1.475,1.056,3.086
192.1,0.528,0.460,2.347,1.387,1.316,1.442,1.067,3.230
193.2,0.582,0.455,2.003,1.491,1.404,1.445,1.076,3.072
195.6,0.537,0.455,2.122,1.478,1.327,1.428,1.132,3.215
198.5,0.531,0.446,2.056,1.485,1.233,1.490,1.038,3.063
197.1,0.502,0.466,2.104,1.396,1.151,1.619,0.901,3.117
196.7,0.467,0.455,2.257,1.491,1.233,1.458,1.027,3.152
204.2,0.544,0.466,2.105,1.345,1.424,1.482,1.011,3.168
196.5,0.545,0.461,2.232,1.407,1.311,1.551,1.072,3.251
194.0,0.470,0.466,2.370,1.492,1.338,1.534,1.055,3.162
198.2,0.535,0.481,2.120,1.390,1.388,1.402,1.007,3.162
197.8,0.527,0.465,2.190,1.288,1.391,1.512,1.012,3.124
201.1,0.494,0.460,2.181,1.410,1.266,1.441,1.066,3.181
190.5,0.525,0.456,2.164,1.397,1.352,1.504,1.095,3.048
200.6,0.479,0.456,2.285,1.430,1.339,1.580,1.020,3.298
197.7,0.521,0.461,2.248,1.476,1.423,1.606,1.043,3.225
193.5,0.500,0.468,2.291,1.481,1.388,1.601,1.080,3.162
198.1,0.527,0.501,2.220,1.270,1.328,1.539,1.036,3.317
199.6,0.517,0.463,2.138,1.298,1.348,1.589,1.032,3.288
193.8,0.544,0.477,2.247,1.353,1.278,1.479,1.033,3.210
223.4,0.581,0.450,2.076,1.279,1.276,1.388,1.025,3.237
230.9,0.772,0.463,2.004,0.972,1.542,1.195,0.895,3.305
201.6,0.576,0.464,2.166,1.357,1.269,1.465,1.089,3.148
187.3,0.538,0.480,2.144,1.370,1.235,1.521,0.977,3.250
198.0,0.483,0.459,2.145,1.439,1.308,1.576,0.993,3.168
205.1,0.452,0.463,2.261,1.414,1.270,1.594,0.964,3.338
212.3,0.566,0.441,1.998,1.286,1.439,1.470,1.031,3.230
207.6,0.567,0.449,2.087,1.295,1.310,1.533,0.973,3.166
202.0,0.538,0.451,2.169,1.453,1.240,1.492,1.114,3.121
203.0,0.514,0.454,2.224,1.382,1.281,1.586,1.104,3.175
203.4,0.484,0.466,2.090,1.343,1.341,1.541,0.984,3.251
197.7,0.511,0.456,2.279,1.319,1.288,1.488,1.063,3.305
196.2,0.557,0.476,2.083,1.302,1.218,1.360,1.032,3.226
192.8,0.477,0.477,2.219,1.452,1.329,1.583,1.008,3.159
202.4,0.511,0.475,2.265,1.522,1.356,1.485,1.076,3.289
192.8,0.514,0.464,2.101,1.398,1.354,1.587,1.010,3.251
195.4,0.501,0.461,2.253,1.436,1.298,1.515,1.018,3.195
212.2,0.478,0.454,2.255,1.348,1.358,1.579,0.999,3.322
211.0,0.492,0.456,2.218,1.413,1.297,1.610,0.964,3.027
203.0,0.491,0.451,2.230,1.399,1.319,1.588,0.975,3.093
197.7,0.577,0.475,2.026,1.307,1.229,1.521,1.027,3.168
185.4,0.511,0.464,2.116,1.476,1.413,1.451,1.018,3.269
197.1,0.660,0.436,2.035,1.348,1.271,1.411,1.058,3.115
203.0,0.520,0.460,2.256,1.448,1.317,1.476,1.048,3.358
205.7,0.528,0.449,2.169,1.416,1.277,1.530,1.088,3.082
202.2,0.595,0.451,1.966,1.435,1.327,1.479,1.123,3.092
187.6,0.530,0.482,2.390,1.610,1.450,1.378,1.127,3.203
196.6,0.597,0.471,2.211,1.478,1.434,1.455,1.168,3.357
182.9,0.488,0.463,2.253,1.370,1.301,1.578,0.965,3.081
195.7,0.539,0.449,2.189,1.432,1.289,1.477,1.011,3.064
209.8,0.511,0.469,2.204,1.347,1.289,1.547,1.016,3.305
186.2,0.494,0.475,2.325,1.369,1.334,1.545,1.033,3.379
192.8,0.523,0.471,2.269,1.386,1.296,1.530,1.137,3.233
195.4,0.553,0.467,2.018,1.312,1.365,1.501,1.027,3.140
190.8,0.494,0.445,2.137,1.298,1.422,1.576,1.000,3.146
197.8,0.633,0.478,1.954,1.329,1.277,1.502,1.037,3.342
199.3,0.557,0.452,2.060,1.497,1.339,1.509,1.046,3.282
203.0,0.500,0.458,2.195,1.491,1.440,1.384,1.007,3.191
205.5,0.552,0.474,1.998,1.410,1.290,1.508,1.053,3.246
196.4,0.528,0.456,2.099,1.568,1.380,1.460,1.060,3.035
203.2,0.529,0.468,2.205,1.277,1.421,1.497,1.001,3.352
205.9,0.564,0.445,2.098,1.369,1.180,1.492,1.024,3.013
203.5,0.476,0.471,2.295,1.365,1.362,1.720,0.935,3.339
189.0,0.466,0.456,2.472,1.494,1.374,1.671,1.117,3.207
192.6,0.449,0.490,2.293,1.451,1.263,1.512,0.968,3.237
202.7,0.623,0.477,1.956,1.228,1.349,1.389,1.014,3.130
201.5,0.480,0.454,2.198,1.383,1.327,1.478,1.030,3.203
209.1,0.629,0.452,2.078,1.337,1.361,1.372,1.098,3.182
198.5,0.512,0.459,2.192,1.454,1.413,1.480,1.002,3.171
200.6,0.473,0.464,2.150,1.446,1.295,1.621,1.021,3.222
191.7,0.505,0.471,2.199,1.416,1.347,1.648,1.026,3.269
197.9,0.539,0.459,2.130,1.302,1.305,1.536,0.974,3.106
204.9,0.504,0.458,2.076,1.328,1.571,1.621,1.035,3.211
209.9,0.582,0.469,1.935,1.458,1.316,1.385,1.044,3.260
211.6,0.578,0.464,1.986,1.395,1.379,1.463,1.041,3.277
190.5,0.498,0.455,2.347,1.539,1.291,1.533,1.031,3.118
190.7,0.503,0.454,2.252,1.434,1.352,1.526,1.055,3.187
192.6,0.534,0.453,2.219,1.314,1.349,1.496,0.983,3.183
205.7,0.515,0.464,2.161,1.307,1.272,1.488,1.003,3.255
202.5,0.523,0.464,2.139,1.438,1.196,1.560,1.099,3.230
215.7,0.504,0.463,2.158,1.334,1.381,1.471,1.059,3.307
200.9,0.552,0.446,2.104,1.285,1.238,1.507,1.046,3.208
211.5,0.522,0.478,2.186,1.231,1.352,1.631,0.985,3.218
195.5,0.493,0.470,2.291,1.386,1.319,1.546,1.031,3.102
191.9,0.520,0.474,2.190,1.327,1.259,1.641,1.048,3.290
194.4,0.516,0.456,2.153,1.392,1.319,1.562,0.969,3.124
205.1,0.505,0.433,2.184,1.508,1.379,1.490,1.149,2.952
196.8,0.501,0.482,2.296,1.335,1.339,1.605,1.024,3.461
197.6,0.574,0.448,2.044,1.365,1.366,1.610,1.048,3.174
211.6,0.537,0.447,2.081,1.263,1.294,1.563,1.031,3.134
197.8,0.478,0.454,2.279,1.408,1.330,1.512,1.050,3.179
201.6,0.493,0.462,2.171,1.451,1.291,1.573,1.075,3.262
198.6,0.514,0.439,2.193,1.348,1.366,1.582,1.056,3.035
201.5,0.589,0.453,2.055,1.388,1.314,1.358,1.061,3.142
182.9,0.479,0.494,2.461,1.340,1.435,1.552,0.991,3.309
201.0,0.523,0.463,2.194,1.476,1.397,1.550,1.099,3.225
202.2,0.578,0.466,2.005,1.288,1.296,1.441,1.023,3.233
208.9,0.466,0.468,2.336,1.354,1.313,1.616,1.014,3.159
200.2,0.503,0.468,2.259,1.523,1.309,1.580,1.089,3.225
202.6,0.548,0.455,2.152,1.356,1.380,1.419,1.098,3.050
190.8,0.498,0.472,2.287,1.419,1.292,1.625,1.065,3.134
204.5,0.528,0.471,2.197,1.394,1.289,1.615,1.037,3.141
201.7,0.623,0.459,2.067,1.314,1.474,1.399,1.102,3.189
191.7,0.501,0.459,2.252,1.329,1.364,1.527,1.014,3.159
209.7,0.454,0.472,2.186,1.347,1.271,1.630,0.943,3.208
206.3,0.451,0.453,2.228,1.315,1.366,1.455,1.020,3.043
219.2,0.498,0.452,2.076,1.391,1.380,1.500,0.958,3.197
192.9,0.520,0.470,2.220,1.296,1.264,1.508,1.013,3.116
195.1,0.434,0.464,2.165,1.489,1.240,1.582,0.958,3.340
199.6,0.612,0.452,1.961,1.181,1.302,1.394,0.944,3.273
196.9,0.472,0.436,2.056,1.557,1.332,1.606,1.069,3.057
185.8,0.517,0.466,2.243,1.486,1.299,1.481,1.077,3.169
193.1,0.507,0.466,2.378,1.404,1.283,1.612,1.068,3.300
208.1,0.520,0.459,2.179,1.378,1.278,1.545,1.072,3.088
196.5,0.528,0.447,2.152,1.367,1.243,1.473,1.059,2.979
192.8,0.530,0.477,2.114,1.319,1.293,1.552,0.972,3.220
194.6,0.457,0.459,2.313,1.271,1.401,1.561,0.984,3.232
196.1,0.460,0.456,2.269,1.489,1.294,1.613,1.099,3.175
193.7,0.539,0.453,2.162,1.378,1.344,1.480,1.031,3.099
204.6,0.463,0.460,2.404,1.522,1.418,1.524,1.059,3.174
198.6,0.581,0.474,2.055,1.383,1.315,1.572,1.035,3.248
198.4,0.509,0.466,2.134,1.301,1.320,1.603,0.991,3.087
190.8,0.544,0.491,2.126,1.281,1.322,1.511,1.087,3.320
199.7,0.628,0.481,2.058,1.233,1.295,1.419,0.971,3.247
195.8,0.481,0.465,2.212,1.460,1.325,1.597,1.082,3.210
195.8,0.498,0.467,2.088,1.421,1.353,1.473,0.967,3.317
201.3,0.551,0.445,2.133,1.453,1.334,1.526,1.027,3.171
207.0,0.583,0.453,1.938,1.430,1.264,1.323,1.110,3.095
203.1,0.497,0.466,2.218,1.346,1.342,1.485,1.002,3.256
195.9,0.469,0.475,2.364,1.407,1.349,1.463,1.002,3.448
199.1,0.580,0.467,2.046,1.363,1.281,1.409,1.020,3.198
196.6,0.506,0.474,2.224,1.416,1.201,1.476,1.007,3.175
200.6,0.554,0.467,2.113,1.342,1.261,1.561,1.021,3.226
200.8,0.550,0.480,2.179,1.307,1.285,1.369,1.018,3.245
188.6,0.475,0.460,2.306,1.411,1.332,1.472,1.036,3.214
190.3,0.493,0.452,2.240,1.463,1.215,1.577,1.065,3.168
198.0,0.594,0.459,2.050,1.302,1.347,1.530,0.958,3.236
201.3,0.519,0.449,2.040,1.384,1.325,1.576,0.983,3.050
200.7,0.572,0.484,2.090,1.312,1.407,1.413,0.982,3.322
206.8,0.517,0.470,2.096,1.332,1.292,1.556,1.027,3.247
194.6,0.485,0.464,2.249,1.501,1.402,1.566,1.024,3.175
197.0,0.491,0.476,2.230,1.457,1.238,1.548,0.977,3.202
196.4,0.523,0.461,2.247,1.495,1.253,1.477,1.071,3.172
207.2,0.519,0.457,2.134,1.373,1.408,1.422,1.048,3.218
206.7,0.501,0.472,2.322,1.390,1.300,1.465,1.049,3.158
185.6,0.505,0.495,2.318,1.485,1.269,1.625,1.019,3.413
197.1,0.463,0.432,2.279,1.398,1.287,1.708,1.027,3.087
209.2,0.650,0.458,2.014,1.269,1.309,1.370,1.076,3.295
196.4,0.529,0.457,2.150,1.280,1.339,1.492,0.988,3.259
194.5,0.549,0.467,2.080,1.359,1.303,1.520,1.020,3.387
198.2,0.462,0.458,2.439,1.408,1.325,1.628,1.037,3.156