SIZE_0,SHAPE_1,SHAPE_3,SHAPE_4,SHAPE_9
184.7,0.583,2.402,0.963,3.366
180.1,0.538,2.352,1.163,3.251
203.8,0.755,2.399,0.886,3.292
176.9,0.478,2.491,1.131,3.365
184.7,0.598,2.421,1.187,3.440
190.3,0.595,2.321,1.075,3.202
186.8,0.609,2.354,1.137,3.455
172.5,0.608,2.508,1.122,3.235
197.7,0.574,2.355,1.144,3.126
181.2,0.511,2.311,1.262,3.114
198.1,0.524,2.307,1.162,3.220
185.1,0.541,2.448,1.164,3.217
184.6,0.516,2.383,1.206,3.404
189.7,0.569,2.224,1.222,3.214
180.6,0.484,2.359,1.155,3.274
181.8,0.504,2.369,1.127,3.197
186.6,0.513,2.567,1.232,3.273
182.9,0.589,2.540,1.070,3.288
188.7,0.502,2.437,1.146,3.210
184.8,0.511,2.440,1.175,3.066
205.7,0.592,2.332,1.047,3.306
198.9,0.690,2.347,0.959,3.160
194.9,0.578,2.457,1.104,3.225
189.2,0.499,2.417,1.112,3.294
185.1,0.499,2.349,1.214,3.071
189.1,0.622,2.296,1.166,3.225
181.3,0.566,2.339,1.131,3.187
194.5,0.639,2.356,1.028,3.409
173.3,0.518,2.417,1.172,3.379
193.4,0.534,2.437,1.167,3.186
194.6,0.536,2.383,1.208,3.030
194.3,0.513,2.575,1.106,3.446
187.5,0.539,2.406,1.111,3.363
226.9,0.726,2.410,0.873,3.278
190.6,0.554,2.499,1.077,3.299
185.0,0.520,2.382,1.166,3.195
184.0,0.494,2.526,1.164,3.291
187.0,0.573,2.575,1.092,3.258
175.6,0.537,2.265,1.198,3.151
188.8,0.547,2.354,1.087,3.396
195.7,0.658,2.369,1.034,3.167
195.1,0.580,2.333,0.982,3.196
188.8,0.545,2.312,1.138,3.110
186.4,0.498,2.448,1.093,3.132
176.7,0.521,2.408,1.164,3.337
187.7,0.504,2.554,1.161,3.142
174.6,0.517,2.375,1.179,3.137
183.4,0.565,2.435,1.086,3.333
180.7,0.552,2.445,1.168,3.371
197.9,0.524,2.480,1.119,3.299
195.1,0.600,2.410,1.059,3.283
176.3,0.566,2.506,1.195,3.408
200.1,0.686,2.257,1.102,3.399
184.0,0.512,2.393,1.084,3.371
189.0,0.499,2.475,1.166,3.239
189.6,0.487,2.392,1.105,3.204
189.7,0.517,2.437,1.158,3.196
190.7,0.574,2.451,1.103,3.317
171.0,0.527,2.387,1.204,3.174
181.9,0.514,2.395,1.094,3.349
167.8,0.556,2.470,1.089,3.184
190.3,0.540,2.341,1.185,3.305
198.4,0.647,2.164,1.096,3.201
182.9,0.534,2.274,1.148,3.307
188.2,0.540,2.338,1.210,3.259
197.5,0.512,2.439,1.107,3.334
194.3,0.522,2.471,1.222,3.227
185.0,0.489,2.540,1.181,3.352
180.8,0.599,2.353,1.144,3.061
201.9,0.710,2.157,1.073,3.230
182.5,0.564,2.282,1.217,3.212
190.3,0.529,2.393,1.226,3.291
194.2,0.544,2.450,1.128,3.321
190.8,0.591,2.429,1.116,3.240
199.0,0.540,2.458,1.156,3.266
182.2,0.554,2.245,1.189,3.367
181.3,0.522,2.579,1.051,3.236
182.9,0.495,2.287,1.277,3.351
173.9,0.554,2.338,1.206,3.199
194.0,0.572,2.358,1.180,3.161
189.9,0.563,2.612,1.011,3.224
186.4,0.505,2.441,1.139,3.244
183.5,0.597,2.315,1.091,3.129
184.3,0.534,2.409,1.117,3.223
183.4,0.539,2.386,1.151,3.274
188.5,0.532,2.490,1.016,3.321
190.0,0.560,2.409,1.172,3.126
198.4,0.661,2.288,0.991,3.161
185.0,0.623,2.218,1.216,3.222
195.3,0.480,2.482,1.180,3.180
183.1,0.497,2.483,1.256,3.257
195.1,0.573,2.376,1.084,3.277
170.1,0.521,2.456,1.210,3.331
180.0,0.578,2.224,1.132,3.253
196.6,0.538,2.383,1.124,3.227
183.9,0.507,2.486,1.155,3.210
182.3,0.545,2.281,1.143,3.416
176.4,0.538,2.484,1.162,3.268
178.0,0.506,2.415,1.166,3.391
192.2,0.577,2.350,1.023,3.270
186.2,0.538,2.568,1.030,3.173
192.1,0.718,2.215,1.064,3.089
196.4,0.581,2.343,1.138,3.269
184.6,0.510,2.362,1.185,3.306
178.8,0.551,2.377,1.228,2.953
191.1,0.603,2.312,1.092,3.174
179.5,0.530,2.337,1.110,3.313
188.0,0.495,2.274,1.107,3.079
185.9,0.510,2.340,1.108,3.248
181.6,0.527,2.329,1.171,3.098
181.8,0.563,2.418,1.050,3.004
181.7,0.597,2.457,1.132,3.154
177.0,0.595,2.391,1.069,3.177
187.8,0.501,2.558,1.200,3.319
192.8,0.558,2.370,1.129,3.389
186.3,0.563,2.330,1.118,3.146
181.5,0.566,2.427,1.199,3.144
211.9,0.490,2.335,1.124,3.226
195.3,0.485,2.508,1.128,3.302
180.7,0.605,2.349,1.059,3.152
180.9,0.548,2.485,1.120,3.332
176.7,0.521,2.387,1.234,3.180
186.2,0.626,2.331,1.024,3.151
187.7,0.505,2.384,1.238,3.308
198.2,0.591,2.186,1.117,3.237
197.2,0.525,2.392,1.145,3.211
193.5,0.604,2.285,1.056,3.323
192.1,0.525,2.228,1.204,3.293
187.2,0.525,2.350,1.176,3.243
189.5,0.638,2.213,1.089,3.098
183.8,0.504,2.504,1.141,3.165
189.2,0.602,2.404,1.056,3.383
193.8,0.546,2.330,1.097,3.338
177.9,0.511,2.524,1.137,3.342
191.9,0.595,2.396,1.069,3.176
177.0,0.467,2.377,1.246,3.318
191.1,0.608,2.299,0.965,3.340
189.1,0.592,2.309,1.084,3.215
189.5,0.487,2.302,1.176,3.200
182.2,0.495,2.458,1.151,3.076
192.0,0.562,2.368,1.043,3.152
177.7,0.475,2.432,1.235,3.096
182.1,0.471,2.388,1.257,3.228
184.7,0.514,2.508,1.125,3.194
184.2,0.539,2.296,1.116,3.425
228.2,0.758,2.269,1.038,3.155
184.4,0.519,2.400,1.117,3.200
198.8,0.537,2.275,1.141,3.137
183.1,0.576,2.381,1.145,3.431
190.8,0.485,2.404,1.182,3.255
188.7,0.504,2.622,1.240,3.089
185.8,0.505,2.604,1.232,3.114
184.5,0.579,2.258,1.070,3.237
177.7,0.550,2.441,1.064,3.330
200.4,0.776,2.136,1.020,3.298
194.3,0.613,2.331,1.003,3.234
196.1,0.500,2.351,0.998,3.196
196.6,0.624,2.466,0.868,3.236
187.4,0.510,2.306,1.102,3.215
204.9,0.480,2.446,1.025,3.169
195.7,0.537,2.396,1.079,3.132
220.9,0.766,2.126,1.056,3.111
198.9,0.557,2.368,0.935,3.203
203.8,0.501,2.365,1.141,3.277
174.9,0.530,2.545,1.123,3.249
192.0,0.548,2.233,1.138,3.362
192.4,0.494,2.425,1.189,3.286
181.1,0.513,2.633,1.144,3.312
194.8,0.683,2.300,0.905,3.213
187.0,0.537,2.395,1.090,3.212
185.8,0.528,2.402,1.026,3.119
187.5,0.557,2.421,1.041,3.221
194.6,0.542,2.362,1.082,3.349
179.4,0.489,2.475,1.191,3.224
181.5,0.495,2.512,1.228,3.277
189.2,0.582,2.277,1.100,3.220
181.4,0.637,2.463,1.076,3.342
204.1,0.631,2.265,1.132,3.262
207.5,0.570,2.373,0.964,3.305
202.7,0.528,2.454,1.120,3.220
200.1,0.541,2.351,1.042,3.245
188.3,0.535,2.371,1.120,3.286
192.7,0.479,2.361,1.176,3.133
185.5,0.524,2.441,1.187,3.243
190.7,0.582,2.296,1.106,3.348
187.7,0.503,2.145,1.185,3.073
201.7,0.488,2.357,1.171,3.163
193.9,0.551,2.413,1.127,3.261
185.7,0.569,2.315,1.113,3.265
185.6,0.528,2.284,1.025,3.164
193.5,0.569,2.357,1.052,3.098
189.3,0.564,2.412,1.030,3.261
193.1,0.526,2.527,1.205,3.176
190.3,0.568,2.293,1.180,3.043
198.9,0.631,2.164,1.008,3.388
181.8,0.496,2.320,1.179,3.209
190.9,0.514,2.408,1.118,3.219
186.6,0.565,2.337,1.002,3.146
189.7,0.686,2.428,0.969,3.226
205.7,0.534,2.360,1.090,3.139
181.9,0.521,2.400,1.238,3.174
218.9,0.708,2.216,0.900,3.192
193.1,0.501,2.386,1.049,3.217
189.3,0.553,2.473,1.006,3.147
184.9,0.535,2.424,1.071,3.187
181.3,0.565,2.330,1.148,3.091
192.8,0.569,2.390,1.024,3.225
187.4,0.626,2.298,1.025,3.198
200.0,0.581,2.394,0.928,3.256
187.4,0.605,2.318,1.017,3.239
180.1,0.560,2.349,1.194,3.240
184.3,0.543,2.258,1.043,3.239
174.9,0.625,2.252,1.078,3.212
200.1,0.711,2.256,0.953,3.304
185.4,0.496,2.469,1.148,3.248
174.2,0.548,2.262,1.083,3.163
189.9,0.594,2.376,1.095,3.141
198.5,0.597,2.233,1.049,3.133
197.2,0.559,2.225,1.105,3.291
192.2,0.496,2.383,1.219,3.224
191.4,0.564,2.367,1.058,3.153
198.2,0.551,2.258,1.145,3.158
193.5,0.608,2.301,0.978,3.368
190.3,0.480,2.375,1.183,3.255
184.2,0.464,2.199,1.256,3.178
203.3,0.550,2.294,1.010,3.203
198.4,0.593,2.348,0.915,3.225
207.0,0.748,2.227,0.937,3.306
195.8,0.573,2.345,1.064,2.980
200.9,0.504,2.403,1.194,3.001
187.5,0.499,2.329,1.177,3.214
198.0,0.681,2.263,1.026,3.118
196.1,0.685,2.301,0.999,3.172
188.0,0.481,2.534,1.251,3.264
184.0,0.484,2.450,1.192,3.092
187.0,0.516,2.543,1.102,3.295
194.8,0.522,2.390,1.187,3.076
186.2,0.553,2.420,1.127,3.102
189.8,0.535,2.441,1.139,3.164
186.6,0.629,2.300,1.017,3.239
194.4,0.546,2.293,1.085,3.195
194.7,0.529,2.442,1.105,3.192
202.3,0.526,2.235,1.084,3.120
191.3,0.497,2.456,1.282,3.051
186.8,0.534,2.458,1.062,3.319
200.3,0.477,2.471,1.128,3.294
197.8,0.513,2.401,1.090,3.221
178.6,0.631,2.261,1.027,3.342
181.2,0.541,2.415,1.033,3.391
182.1,0.491,2.398,1.109,3.161
189.5,0.551,2.345,1.085,3.363
222.6,0.640,2.307,0.878,3.240
191.2,0.462,2.378,1.134,3.006
184.2,0.480,2.416,1.106,3.218
180.6,0.511,2.434,1.188,3.313
217.2,0.788,2.237,0.909,3.110
194.2,0.582,2.339,1.016,3.176
204.2,0.695,2.264,0.920,3.317
207.5,0.843,2.141,0.927,3.211
213.6,0.812,2.041,1.039,3.103
239.3,0.725,2.314,0.775,3.123
190.5,0.601,2.435,1.053,3.145
201.3,0.666,2.235,1.164,3.268
182.3,0.541,2.366,1.079,3.219
188.9,0.613,2.389,1.055,3.323
187.6,0.567,2.207,1.150,3.326
198.0,0.618,2.388,1.045,3.300
189.6,0.520,2.395,1.152,3.177
193.0,0.533,2.279,1.128,3.159
192.3,0.737,2.161,1.053,3.200
198.6,0.586,2.281,1.038,3.035
203.0,0.822,2.203,0.925,3.108
192.1,0.689,2.138,1.032,3.277
191.6,0.624,2.184,1.063,3.213
196.8,0.544,2.236,1.083,3.051
195.1,0.568,2.269,1.013,3.119
188.1,0.594,2.305,1.097,3.124
188.0,0.544,2.400,1.149,3.095
190.7,0.682,2.211,1.031,3.189
177.5,0.618,2.379,1.158,3.140
192.9,0.477,2.405,1.233,3.135
177.9,0.488,2.309,1.139,3.311
184.6,0.489,2.296,1.307,3.144
180.4,0.546,2.303,1.135,3.083
205.7,0.732,2.092,0.964,3.314
182.2,0.552,2.321,1.164,2.977
186.2,0.578,2.149,1.182,3.103
177.5,0.515,2.242,1.212,3.043
199.0,0.671,2.483,0.909,3.386
184.0,0.547,2.465,1.144,3.294
191.8,0.590,2.224,1.242,2.953
181.9,0.559,2.481,1.143,2.990
187.3,0.638,2.232,1.004,3.104
191.4,0.561,2.337,1.144,3.005
189.1,0.556,2.390,1.036,3.254
185.6,0.529,2.284,1.116,3.226
195.0,0.524,2.269,1.117,2.982
178.6,0.505,2.335,1.225,3.069
186.8,0.507,2.229,1.076,3.265
193.4,0.527,2.424,1.166,3.201
174.6,0.515,2.513,1.260,3.248
209.3,0.750,2.163,1.033,3.173
181.1,0.515,2.354,1.081,3.361
183.8,0.642,2.295,1.063,3.281
197.0,0.558,2.232,1.067,3.400
186.3,0.590,2.286,1.131,3.218
178.7,0.521,2.298,1.135,3.042
195.3,0.527,2.238,1.051,3.196
193.3,0.594,2.297,1.012,3.247
188.3,0.502,2.387,1.196,3.266
191.4,0.473,2.312,1.194,3.175
194.8,0.518,2.298,1.041,3.186
178.4,0.517,2.245,1.318,3.310
193.0,0.622,2.172,1.056,3.135
186.8,0.656,2.286,1.075,3.288
200.4,0.820,2.202,1.023,3.222
176.9,0.618,2.279,1.019,3.269
205.2,0.545,2.413,0.950,3.218
183.4,0.568,2.329,1.053,3.361
208.4,0.698,2.169,1.040,3.149
186.4,0.562,2.269,1.121,3.343
191.0,0.656,2.241,0.941,3.201
198.4,0.562,2.342,1.120,3.194
187.7,0.588,2.280,1.043,3.212
192.3,0.533,2.420,1.154,3.245
182.0,0.596,2.274,0.970,3.140
190.1,0.576,2.284,1.081,3.123
186.2,0.567,2.394,1.040,3.233
202.1,0.638,2.282,1.015,3.141
195.5,0.613,2.291,1.110,3.117
184.3,0.517,2.535,1.116,3.139
192.1,0.765,2.211,0.956,3.187
182.8,0.545,2.406,1.086,3.261
189.0,0.572,2.311,1.062,3.057
187.7,0.687,2.214,1.017,3.201
184.4,0.502,2.297,1.130,3.219
184.8,0.545,2.348,0.972,3.177
185.6,0.504,2.450,1.225,3.380
196.2,0.587,2.268,0.981,3.095
203.2,0.551,2.349,1.089,3.140
185.7,0.615,2.364,1.088,3.181
183.7,0.524,2.399,1.142,3.270
202.6,0.456,2.324,1.131,3.142
184.5,0.483,2.301,1.190,3.205
192.4,0.518,2.320,1.129,3.201
204.8,0.697,2.195,1.058,3.258
184.2,0.550,2.278,1.139,3.203
194.5,0.612,2.377,1.087,3.115
191.0,0.503,2.391,1.144,3.375
179.0,0.521,2.316,1.138,3.119
177.9,0.505,2.488,1.129,3.106
188.2,0.653,2.242,1.089,3.218
215.2,0.687,2.208,1.056,3.097
188.3,0.498,2.366,1.232,3.151
193.7,0.549,2.268,1.149,3.216
184.1,0.508,2.226,1.092,3.091
179.4,0.593,2.317,1.031,3.324
174.3,0.506,2.371,1.036,3.298
175.4,0.628,2.388,1.023,3.265
192.7,0.638,2.136,1.116,3.143
179.0,0.535,2.352,1.219,3.187
200.5,0.694,2.246,0.914,3.216
185.3,0.529,2.381,1.300,3.120
188.6,0.502,2.457,1.216,3.251
197.9,0.516,2.319,1.073,3.145
207.5,0.682,2.271,1.023,3.174
195.2,0.533,2.376,1.100,3.096
176.9,0.596,2.283,1.131,3.151
197.5,0.469,2.303,1.133,3.066
181.9,0.476,2.406,1.214,3.164
221.3,0.912,2.179,0.918,3.262
199.1,0.552,2.273,1.076,3.275
190.5,0.550,2.462,1.069,3.192
199.7,0.717,2.120,1.122,3.132
191.2,0.581,2.181,1.045,3.044
194.5,0.597,2.277,1.001,3.285
177.9,0.532,2.375,1.060,3.244
190.4,0.482,2.313,1.292,3.306
194.9,0.579,2.266,1.092,3.138
190.6,0.534,2.220,1.044,3.164
187.2,0.479,2.429,1.139,3.362
191.3,0.544,2.403,1.108,3.092
199.1,0.726,2.146,0.877,3.285
178.1,0.504,2.455,1.061,3.060
196.1,0.702,2.192,1.038,3.151
192.7,0.482,2.421,1.187,3.092
194.7,0.539,2.297,1.046,3.088
196.1,0.553,2.355,1.056,3.129
189.4,0.608,2.274,1.080,3.276
184.4,0.584,2.432,1.113,3.202
187.9,0.473,2.550,1.235,3.217
189.9,0.489,2.362,1.022,3.249
180.4,0.498,2.338,1.171,3.321
186.4,0.644,2.358,1.048,3.259
193.4,0.545,2.450,1.096,3.219
184.2,0.541,2.469,1.109,3.243
194.7,0.553,2.191,1.123,3.115
188.1,0.494,2.395,1.150,3.194
187.7,0.571,2.340,1.064,3.225
190.6,0.586,2.325,0.992,3.084
210.6,0.554,2.300,1.025,3.163
192.7,0.551,2.331,0.977,3.200
182.7,0.569,2.336,1.099,3.286
216.2,0.694,2.121,1.075,3.021
185.0,0.560,2.350,1.121,3.228
187.0,0.555,2.324,1.054,3.200
185.6,0.545,2.292,1.097,3.402
182.5,0.501,2.480,1.180,3.265
193.3,0.662,2.267,0.973,3.318
187.6,0.572,2.365,1.070,3.250
211.9,0.688,2.247,1.019,3.344
196.1,0.577,2.363,1.072,3.192
190.0,0.524,2.537,1.084,3.282
189.1,0.555,2.334,1.129,3.262
202.5,0.667,2.366,1.140,3.297
197.7,0.544,2.441,1.076,3.308
195.5,0.518,2.368,1.117,3.132
194.3,0.499,2.345,1.223,3.209
172.2,0.551,2.380,1.134,2.988
205.1,0.641,2.434,1.070,3.245
183.5,0.549,2.238,1.083,3.203
182.9,0.531,2.492,1.118,3.229
178.6,0.529,2.364,1.162,3.189
183.4,0.566,2.389,1.092,3.188
201.1,0.613,2.448,0.982,3.247
223.5,0.804,2.328,0.894,3.327
202.8,0.762,2.149,0.971,3.265
190.8,0.540,2.343,1.109,3.081
181.4,0.493,2.454,1.203,3.204
196.9,0.594,2.254,1.088,3.232
199.8,0.504,2.397,1.123,3.133
195.3,0.788,2.120,1.006,3.207
177.4,0.530,2.370,1.102,3.364
189.6,0.574,2.277,1.120,3.195
184.0,0.620,2.389,1.056,3.059
186.6,0.494,2.363,1.147,3.219
194.1,0.493,2.244,1.107,3.232
199.3,0.763,2.105,1.030,3.325
171.0,0.521,2.292,1.167,3.212
183.3,0.482,2.357,1.250,3.164
182.8,0.487,2.339,1.197,3.220
194.5,0.533,2.276,1.196,3.118
185.6,0.563,2.337,1.119,3.400
180.4,0.557,2.419,1.152,3.217
191.9,0.510,2.279,1.102,3.155
182.6,0.525,2.345,1.215,3.253
189.2,0.703,2.211,1.031,3.182
186.5,0.495,2.387,1.158,3.399
198.4,0.511,2.264,1.050,3.206
187.3,0.490,2.426,1.169,3.295
188.5,0.528,2.355,1.067,3.286
184.7,0.440,2.494,1.212,3.308
196.1,0.516,2.272,1.221,3.213
189.6,0.704,2.168,1.078,3.335
191.0,0.615,2.246,1.075,3.236
185.9,0.564,2.399,1.132,3.178
185.0,0.522,2.355,1.150,3.260
186.1,0.569,2.455,1.154,3.028
188.1,0.555,2.348,1.083,3.214
197.8,0.599,2.326,1.084,3.213
180.0,0.568,2.215,1.165,3.056
177.0,0.592,2.253,1.061,3.129
189.7,0.554,2.586,1.027,3.300
200.0,0.759,2.266,0.962,3.199
178.2,0.578,2.328,1.142,3.285
208.6,0.680,2.392,0.976,3.025
199.5,0.511,2.389,1.097,3.127
178.8,0.526,2.305,1.105,3.250
207.9,0.675,2.245,1.054,2.971
190.3,0.631,2.350,1.023,3.217
201.6,0.555,2.181,1.099,3.119
195.8,0.606,2.309,1.057,3.169
188.8,0.538,2.257,0.976,3.187
185.3,0.501,2.356,1.173,3.317
190.6,0.463,2.504,1.217,3.196
211.1,0.753,2.228,0.901,3.208
195.4,0.509,2.364,1.193,3.174
192.1,0.510,2.403,1.104,3.162
205.1,0.580,2.251,1.085,3.240
192.9,0.553,2.268,1.062,3.209
193.2,0.614,2.260,1.087,3.098
194.5,0.627,2.325,1.042,3.329
175.8,0.514,2.496,1.194,3.258
212.1,0.656,2.318,0.948,3.197
182.0,0.552,2.322,1.129,3.145
197.6,0.707,2.210,1.070,3.088
186.6,0.646,2.347,1.089,3.064
185.1,0.536,2.405,1.154,3.268
197.2,0.614,2.312,1.014,3.191
198.3,0.659,2.161,1.036,3.233
202.9,0.591,2.499,0.864,3.212
188.1,0.514,2.395,1.081,3.112
189.0,0.624,2.240,1.080,3.095
190.2,0.580,2.377,1.040,3.135
179.9,0.524,2.295,1.032,3.214
184.2,0.499,2.313,1.179,3.071
191.1,0.525,2.263,1.139,3.020
185.9,0.556,2.267,1.126,3.227
186.2,0.528,2.320,1.157,3.280
224.0,0.775,2.311,0.829,3.204
179.9,0.529,2.274,1.141,3.231
184.7,0.535,2.386,1.153,3.167
174.1,0.473,2.406,1.246,3.269
181.2,0.460,2.443,1.175,3.179
199.3,0.515,2.310,1.179,3.136
193.8,0.507,2.405,1.020,3.089
181.1,0.551,2.396,1.098,3.324
193.3,0.529,2.279,1.096,3.293
185.2,0.569,2.437,1.082,3.219
191.3,0.523,2.290,1.222,3.167
196.6,0.490,2.361,1.101,3.242
188.3,0.573,2.339,1.145,3.112
186.2,0.588,2.252,1.105,3.081
190.5,0.527,2.384,1.199,2.968
179.1,0.494,2.235,1.112,3.183
197.0,0.526,2.318,1.122,3.229
191.7,0.615,2.291,1.034,3.184
203.3,0.639,2.212,0.993,3.137
192.2,0.583,2.325,1.037,3.231
178.5,0.603,2.232,1.085,3.142
190.8,0.511,2.296,1.131,3.276
196.7,0.482,2.315,1.133,3.102
180.0,0.535,2.443,1.081,3.238
198.8,0.619,2.238,0.999,3.123
187.2,0.473,2.446,1.222,3.174
183.5,0.591,2.194,1.053,3.124
194.1,0.620,2.403,0.999,3.174
188.1,0.500,2.447,1.135,3.325
182.0,0.598,2.327,0.971,3.276
194.7,0.480,2.373,1.143,3.240
190.9,0.492,2.368,1.113,3.177
182.7,0.539,2.292,1.014,3.347
196.8,0.624,2.352,1.039,3.244
187.4,0.733,2.272,1.028,3.224
189.0,0.502,2.360,1.204,3.180
182.2,0.485,2.296,1.244,3.193
187.3,0.527,2.289,1.192,3.347
187.5,0.543,2.375,1.066,3.049
218.1,0.805,2.175,0.953,3.040
206.5,0.629,2.269,0.905,3.136
183.5,0.531,2.426,1.135,3.114
193.2,0.695,2.229,1.042,3.301
200.6,0.510,2.357,1.240,3.101
179.2,0.564,2.194,1.048,3.115
193.9,0.523,2.279,1.181,3.122
190.5,0.504,2.383,1.093,3.187
197.5,0.493,2.443,1.145,2.985
185.4,0.483,2.461,1.214,3.213
207.8,0.675,2.249,0.966,3.186
190.7,0.554,2.316,1.060,3.160
189.6,0.576,2.289,1.042,3.230
189.3,0.610,2.262,1.107,3.274
176.5,0.506,2.353,1.142,3.286
186.2,0.551,2.354,1.083,3.173
195.2,0.502,2.320,1.151,3.113
192.9,0.492,2.286,1.176,3.094
205.1,0.628,2.354,1.036,3.219
185.7,0.565,2.314,1.069,3.173
202.5,0.716,2.152,0.979,3.413
194.3,0.544,2.461,1.022,3.005
179.2,0.504,2.355,1.119,3.145
179.4,0.547,2.362,1.203,3.157
185.7,0.553,2.334,1.129,3.208
189.6,0.579,2.223,1.036,3.024
189.1,0.494,2.359,1.171,3.126
206.4,0.512,2.312,1.189,2.983
180.2,0.492,2.453,1.239,3.175
201.2,0.688,2.218,1.058,3.088
190.0,0.549,2.277,1.004,3.164
185.8,0.534,2.395,1.183,3.170
204.0,0.714,2.270,0.862,3.141
187.8,0.484,2.374,1.183,3.110
228.3,0.865,2.177,0.842,3.307
191.7,0.613,2.267,0.988,3.076
176.5,0.602,2.439,1.063,3.261
186.8,0.509,2.370,1.090,3.150
180.5,0.489,2.408,1.167,3.212
183.3,0.558,2.325,1.086,3.165
187.7,0.600,2.283,1.061,3.269
176.5,0.521,2.453,1.142,3.248
220.7,0.884,2.295,0.860,3.304
203.0,0.563,2.256,1.062,3.097
193.2,0.471,2.496,1.012,3.134
205.5,0.506,2.260,1.156,3.295
183.2,0.641,2.294,1.047,3.117
187.9,0.538,2.305,1.187,3.179
197.1,0.547,2.338,1.016,3.142
194.3,0.582,2.281,1.108,3.115
190.6,0.656,2.220,1.017,3.222
188.1,0.528,2.335,1.144,3.077
188.2,0.493,2.429,1.192,3.124
191.9,0.639,2.362,1.101,3.099
200.0,0.571,2.373,1.112,3.263
186.5,0.540,2.289,1.171,3.270
194.5,0.569,2.249,1.196,3.092
208.0,0.684,2.388,0.994,3.193
192.7,0.507,2.325,1.065,3.215
197.5,0.596,2.311,0.982,3.068
186.4,0.637,2.258,1.060,3.178
195.4,0.546,2.285,1.144,3.113
193.1,0.548,2.235,1.147,3.228
197.7,0.514,2.296,1.221,3.395
198.4,0.520,2.446,1.063,3.267
195.4,0.509,2.323,1.140,3.184
190.9,0.712,2.320,1.029,3.186
192.0,0.505,2.488,1.124,3.304
188.9,0.590,2.262,1.134,3.206
194.1,0.486,2.369,1.155,3.161
191.1,0.621,2.259,1.071,3.006
190.9,0.532,2.464,1.057,3.101
172.4,0.555,2.348,1.138,3.272
197.6,0.487,2.503,1.179,3.184
179.1,0.521,2.366,1.166,3.092
212.6,0.756,2.241,0.959,3.184
191.0,0.720,2.214,0.971,3.199
214.9,0.759,2.278,0.881,3.145
204.4,0.562,2.287,1.027,3.040
196.3,0.542,2.261,1.110,3.250
179.0,0.552,2.372,0.984,3.207
182.1,0.557,2.454,1.134,3.191
196.8,0.491,2.317,1.096,3.162
194.8,0.542,2.236,1.097,3.158
181.5,0.485,2.375,1.179,3.388
194.3,0.575,2.296,1.045,2.968
181.8,0.525,2.392,1.114,3.348
190.7,0.598,2.390,1.111,3.272
188.6,0.518,2.410,1.217,3.054
190.1,0.585,2.249,0.963,3.185
182.6,0.517,2.456,1.195,3.186
187.9,0.527,2.212,1.178,3.217
207.5,0.724,2.295,0.870,2.915
201.4,0.562,1.799,1.104,3.300
190.2,0.528,2.450,1.003,3.132
189.2,0.477,2.304,1.255,3.009
189.0,0.490,2.353,1.099,3.160
201.2,0.547,2.375,1.085,3.158
203.4,0.668,2.323,0.920,3.160
186.2,0.534,2.364,1.384,3.111
184.8,0.558,2.361,1.134,3.309
196.7,0.497,2.394,0.988,3.124
188.8,0.487,2.434,1.096,3.183
184.2,0.512,2.246,1.160,3.121
189.3,0.496,2.328,1.248,2.997
177.0,0.528,2.386,1.105,3.182
181.7,0.623,2.374,1.004,3.297
179.5,0.547,2.400,1.115,3.208
188.2,0.489,2.408,1.264,3.256
193.5,0.535,2.274,1.153,3.226
190.4,0.550,2.352,1.142,3.173
200.0,0.502,2.410,1.158,3.176
185.3,0.480,2.389,1.177,3.255
176.5,0.497,2.401,1.189,3.194
189.4,0.496,2.441,1.168,3.090
192.8,0.607,2.328,1.012,3.296
199.7,0.507,2.271,1.211,3.256
174.7,0.534,2.348,1.147,3.232
189.5,0.524,2.360,1.174,3.262
184.8,0.517,2.418,1.088,3.429
183.7,0.537,2.366,1.119,3.202
189.1,0.617,2.281,1.036,3.126
190.1,0.552,2.366,1.204,3.208
190.3,0.523,2.334,1.146,3.306
200.2,0.548,2.307,1.133,3.288
175.5,0.565,2.231,1.178,3.211
198.4,0.513,2.243,1.003,3.174
179.8,0.484,2.368,1.156,3.079
194.1,0.550,2.283,1.140,3.307
190.5,0.489,2.390,1.240,3.220
200.8,0.508,2.293,1.169,3.300
184.5,0.545,2.262,0.984,3.141
196.8,0.600,2.370,1.049,3.156
191.7,0.562,2.341,0.962,3.239
206.6,0.742,2.283,0.876,3.131
196.0,0.692,2.240,1.153,2.971
190.2,0.579,2.212,1.088,3.324
215.8,0.650,2.164,0.991,3.101
184.7,0.496,2.478,1.227,3.100
194.6,0.626,2.213,1.066,3.264
186.7,0.511,2.468,1.130,3.211
192.8,0.514,2.372,1.212,3.195
190.6,0.584,2.176,1.090,3.163
200.9,0.634,2.290,1.080,3.324
196.0,0.607,2.314,1.055,3.125
203.4,0.731,2.248,0.888,3.346
174.5,0.492,2.358,1.141,3.263
204.0,0.534,2.345,1.148,3.208
195.0,0.694,2.259,1.036,3.183
203.5,0.705,2.181,0.942,3.203
194.8,0.717,2.406,1.054,3.499
199.3,0.658,2.295,0.957,3.165
203.2,0.489,2.366,1.099,3.298
216.6,0.713,2.199,0.958,3.105
184.6,0.499,2.471,1.204,3.328
191.9,0.670,2.226,0.986,3.217
199.6,0.762,2.192,1.022,3.337
184.8,0.587,2.345,1.114,3.217
223.0,0.719,2.179,0.925,3.210
184.7,0.553,2.300,1.145,3.146
180.0,0.506,2.295,1.170,3.124
191.0,0.608,2.280,0.983,3.302
201.3,0.720,2.325,0.933,3.149
189.4,0.521,2.374,1.098,3.166
194.6,0.484,2.392,1.079,3.059
220.5,0.794,2.043,1.018,3.341
175.1,0.502,2.394,1.126,3.173
194.9,0.604,2.209,1.136,3.156
187.3,0.483,2.406,1.171,3.072
203.9,0.716,2.279,0.905,3.354
200.1,0.504,2.509,1.174,3.265
184.3,0.665,2.256,0.983,3.295
196.8,0.741,2.314,0.989,3.175
185.9,0.543,2.440,1.041,3.233
191.4,0.590,2.381,1.114,3.097
200.7,0.654,2.193,1.045,3.252
213.7,0.779,2.113,0.983,3.182
184.7,0.496,2.387,1.135,3.219
208.9,0.764,2.262,0.830,3.415
182.6,0.511,2.439,1.086,3.247
195.7,0.678,2.318,1.076,3.328
200.8,0.726,2.293,0.880,3.231
212.2,0.556,2.181,1.042,3.203
194.9,0.615,2.281,0.978,3.208
181.3,0.544,2.366,1.128,3.149
211.2,0.631,2.385,0.987,3.183
174.1,0.508,2.400,1.207,3.162
181.9,0.531,2.342,1.210,3.310
191.9,0.569,2.278,1.042,3.217
182.9,0.492,2.414,1.189,3.168
215.1,0.588,2.400,1.014,3.182
186.2,0.483,2.317,1.268,3.259
206.3,0.534,2.243,1.088,3.083
219.0,0.829,2.146,0.889,3.218
182.1,0.545,2.489,1.037,3.293
192.7,0.457,2.409,1.169,3.032
197.6,0.474,2.525,1.068,3.314
194.5,0.589,2.365,1.085,3.155
194.8,0.654,2.388,1.072,3.219
203.3,0.490,2.286,1.117,3.174
212.0,0.690,2.207,1.099,3.189
199.3,0.641,2.323,1.015,3.096
197.2,0.673,2.308,1.021,3.210
190.7,0.547,2.354,1.168,3.169
208.0,0.694,2.205,0.968,3.259
188.5,0.607,2.244,1.044,3.213
191.1,0.475,2.315,1.170,3.140
185.7,0.584,2.355,1.148,3.254
181.5,0.561,2.287,1.075,3.252
196.0,0.520,2.476,1.141,3.320
180.2,0.502,2.502,1.330,3.212
192.0,0.561,2.259,1.077,3.231
177.3,0.714,2.047,1.121,3.324
194.2,0.567,2.309,1.137,3.284
185.8,0.580,2.281,1.073,3.199
179.8,0.502,2.344,1.101,3.267
192.2,0.584,2.315,1.159,3.047
205.6,0.583,2.367,1.130,3.091
196.7,0.520,2.305,1.173,3.290
185.7,0.615,2.380,1.069,3.257
215.4,0.744,2.231,1.015,3.200
183.6,0.560,2.363,1.118,3.134
225.1,0.701,2.282,0.893,3.303
209.3,0.772,2.261,1.072,3.135
187.6,0.501,2.334,1.262,3.102
190.6,0.646,2.266,1.080,3.303
194.1,0.634,2.356,1.073,3.124
195.1,0.635,2.246,1.098,3.082
190.4,0.703,2.195,1.008,3.339
194.6,0.512,2.314,1.168,3.168
188.1,0.635,2.278,1.055,3.329
210.7,0.781,2.092,0.940,3.328
179.2,0.508,2.406,1.150,3.127
194.3,0.591,2.352,1.102,3.156
195.4,0.503,2.340,1.138,3.308
214.0,0.883,2.119,0.883,3.234
197.7,0.526,2.471,1.037,3.177
189.6,0.561,2.470,1.022,3.299
187.2,0.574,2.446,0.999,3.203
206.3,0.761,2.241,0.882,3.192
175.1,0.531,2.254,1.153,3.162
175.1,0.517,2.330,1.173,3.083
175.2,0.461,2.465,1.190,3.181
190.7,0.504,2.311,1.290,2.963
220.5,0.584,2.179,0.956,3.165
189.7,0.558,2.226,1.075,3.189
193.2,0.685,2.238,1.088,3.200
186.7,0.500,2.378,1.190,3.236
191.3,0.517,2.382,1.143,3.172
189.3,0.485,2.521,1.214,3.271
200.8,0.531,2.325,1.117,3.153
192.4,0.682,2.380,0.944,3.101
228.3,0.855,2.253,0.875,3.227
199.3,0.618,2.418,0.978,3.172
186.0,0.560,2.229,1.135,3.174
202.9,0.645,2.169,1.121,3.091
204.1,0.635,2.252,1.057,3.154
210.4,0.822,2.218,0.927,3.271
179.2,0.544,2.460,1.063,3.105
196.0,0.548,2.429,1.099,3.293
172.6,0.503,2.615,1.186,3.260
182.3,0.659,2.161,1.049,3.099
193.0,0.514,2.555,1.196,3.217
193.9,0.581,2.287,1.027,3.305
172.7,0.491,2.353,1.210,3.148
201.9,0.701,2.325,0.872,3.249
172.0,0.583,2.305,1.197,2.968
167.4,0.482,2.386,1.259,3.172
200.9,0.609,2.287,1.006,3.118
191.9,0.611,2.277,1.067,3.152
205.4,0.657,2.120,1.105,3.242
189.3,0.609,2.353,1.039,3.226
180.2,0.504,2.535,1.070,3.312
179.5,0.523,2.429,1.155,3.261
206.1,0.725,2.192,1.034,3.097
193.6,0.498,2.407,1.230,3.204
183.8,0.537,2.426,1.105,3.165
191.8,0.545,2.400,1.138,3.073
200.7,0.749,2.305,0.891,3.272
194.8,0.547,2.360,1.162,3.197
192.7,0.536,2.340,1.120,3.205
175.9,0.556,2.347,1.219,3.112
199.5,0.596,2.458,1.103,3.226
190.3,0.572,2.375,1.094,3.230
194.3,0.594,2.289,1.117,3.242
185.2,0.516,2.441,1.247,3.234
186.6,0.614,2.373,1.146,3.265
184.1,0.517,2.332,1.175,3.321
185.3,0.568,2.221,1.141,3.343
174.4,0.496,2.397,1.260,3.390
198.5,0.500,2.347,1.139,3.232
197.5,0.625,2.274,1.055,3.211
193.8,0.550,2.398,1.088,3.140
201.4,0.532,2.312,1.130,3.283
199.0,0.544,2.344,0.993,3.176
179.0,0.585,2.480,1.063,3.399
183.5,0.551,2.401,1.058,2.967
179.2,0.560,2.390,1.199,3.231
188.1,0.611,2.249,0.984,3.085
173.3,0.566,2.316,1.076,3.223
201.2,0.688,2.195,1.159,3.309
213.7,0.693,2.374,1.073,3.171
192.3,0.623,2.186,1.104,3.178
189.0,0.527,2.396,1.177,3.196
183.3,0.506,2.372,1.106,3.144
181.0,0.548,2.435,1.183,3.267
188.5,0.596,2.417,1.138,3.087
208.6,0.482,2.284,1.201,3.180
196.1,0.493,2.222,1.173,3.218
187.2,0.495,2.355,1.186,3.209
193.6,0.479,2.252,1.076,3.204
200.6,0.627,2.311,1.039,3.174
199.1,0.540,2.302,1.055,3.130
185.3,0.539,2.471,1.208,3.215
194.3,0.638,2.368,1.092,3.355
196.2,0.557,2.337,1.002,3.208
188.6,0.549,2.404,1.139,3.169
182.9,0.530,2.336,1.184,3.327
182.5,0.481,2.458,1.219,3.194
175.0,0.513,2.429,1.256,3.423
186.1,0.606,2.267,1.016,3.262
185.8,0.562,2.301,1.113,3.067
171.8,0.507,2.444,1.297,3.099
181.5,0.505,2.363,1.283,3.261
203.0,0.692,2.264,1.021,3.267
185.8,0.519,2.405,1.203,3.293
201.1,0.510,2.372,1.190,3.188
212.9,0.862,2.030,1.016,3.237
194.2,0.563,2.321,1.158,3.183
198.2,0.780,2.248,0.876,3.347
179.2,0.594,2.263,0.986,3.302
186.0,0.526,2.468,1.165,3.235
180.2,0.556,2.430,1.106,3.279
184.5,0.628,2.298,1.002,3.521
179.8,0.576,2.371,1.036,3.326
190.6,0.580,2.327,1.076,3.110
192.2,0.662,2.371,0.976,3.195
190.7,0.516,2.417,1.158,3.120
171.4,0.554,2.281,1.082,3.167
195.8,0.596,2.252,1.071,3.109
191.3,0.531,2.469,1.103,3.224
186.4,0.580,2.376,1.116,3.267
198.6,0.524,2.240,1.075,3.008
194.6,0.559,2.403,1.211,3.127
192.4,0.514,2.513,1.159,3.068
191.1,0.565,2.301,1.063,3.353
200.2,0.537,2.233,1.082,3.230
187.0,0.513,2.527,1.092,3.184
179.8,0.594,2.365,1.063,3.227
189.2,0.538,2.349,1.126,3.176
185.3,0.537,2.354,1.072,3.170
196.8,0.509,2.303,1.164,3.080
201.5,0.543,2.252,1.198,3.291
187.2,0.588,2.461,1.029,3.206
193.7,0.697,2.276,0.896,3.245
186.9,0.592,2.346,1.023,3.272
192.5,0.520,2.317,1.124,3.251
184.9,0.501,2.456,1.210,3.092
196.9,0.664,2.216,1.066,3.070
183.4,0.556,2.305,1.120,3.212
190.5,0.517,2.414,1.179,3.252
187.4,0.520,2.345,1.197,3.151
213.9,0.576,2.229,1.047,3.150
188.7,0.614,2.324,1.022,3.089
202.7,0.639,2.116,1.178,3.039
209.6,0.732,2.233,0.913,3.284
200.2,0.632,2.236,1.028,3.091
184.8,0.555,2.273,1.164,3.164
174.2,0.552,2.323,1.142,3.276
172.1,0.519,2.518,1.171,3.247
235.3,0.897,2.082,0.765,3.354
194.4,0.604,2.207,1.093,3.158
188.2,0.490,2.237,1.206,3.108
193.4,0.644,2.272,1.024,3.077
189.9,0.536,2.302,1.211,3.096
186.2,0.617,2.234,1.097,3.208
217.9,0.587,2.410,1.058,3.129
211.2,0.765,2.261,1.025,3.291
188.2,0.510,2.394,1.148,3.275
233.9,0.892,2.133,0.948,3.287
186.2,0.590,2.280,0.931,3.261
183.1,0.495,2.312,1.286,3.078
176.7,0.514,2.237,1.219,3.300
192.4,0.754,2.295,0.970,3.112
193.5,0.631,2.282,1.186,3.239
181.5,0.530,2.316,1.150,3.190
181.1,0.557,2.186,1.215,3.189
173.6,0.540,2.339,1.208,3.220
174.5,0.519,2.280,1.192,3.158
191.7,0.643,2.306,1.003,3.174
188.8,0.539,2.361,1.068,3.242
181.5,0.524,2.373,1.090,3.309
189.4,0.525,2.332,1.146,3.205
189.0,0.535,2.397,1.137,3.085
205.3,0.734,2.048,1.078,3.378
181.6,0.530,2.347,1.152,3.292
188.7,0.458,2.265,1.258,3.068
180.9,0.526,2.210,1.125,3.191
187.6,0.540,2.295,1.150,3.217
184.1,0.541,2.334,1.139,3.145
181.9,0.558,2.374,1.111,3.119
180.9,0.535,2.317,1.197,3.212
190.6,0.568,2.296,1.169,3.216
175.6,0.493,2.372,1.220,3.157
179.0,0.544,2.332,1.253,3.299
205.1,0.612,2.360,1.078,3.216
197.5,0.585,2.375,1.014,3.282
179.9,0.571,2.345,1.164,3.190
189.6,0.536,2.325,1.116,3.168
184.7,0.599,2.241,1.118,3.180
176.5,0.536,2.288,1.267,3.214
194.7,0.606,2.284,1.051,2.991
184.2,0.547,2.347,1.057,3.229
180.3,0.496,2.294,1.163,3.192
174.5,0.556,2.335,1.182,3.341
179.0,0.519,2.308,1.186,3.349
181.6,0.503,2.253,1.232,3.175
185.9,0.484,2.426,1.249,3.184
213.4,0.851,2.113,0.936,3.075
184.3,0.542,2.316,1.191,3.255
176.0,0.574,2.430,1.104,3.251
177.5,0.499,2.366,1.148,3.099
187.8,0.529,2.416,1.225,3.093
187.2,0.645,2.182,1.040,2.988
196.2,0.451,2.488,1.151,3.054
177.3,0.492,2.202,1.212,3.176
198.8,0.668,2.370,1.010,3.124
183.4,0.563,2.242,1.005,3.226
201.8,0.620,2.195,1.098,3.176
183.4,0.539,2.320,1.131,3.377
195.2,0.731,2.177,0.920,3.264
173.4,0.497,2.333,1.114,3.463
171.5,0.534,2.267,1.118,3.082
186.3,0.594,2.413,1.110,3.353
188.0,0.496,2.487,1.147,3.157
179.6,0.555,2.265,1.080,3.201
176.8,0.519,2.500,1.171,3.266
175.0,0.586,2.265,1.088,3.313
188.0,0.493,2.300,1.196,3.161
182.3,0.524,2.268,1.090,3.220
187.3,0.583,2.078,1.093,3.129
179.3,0.628,2.144,1.078,3.136
172.2,0.619,2.291,1.119,3.100
182.6,0.580,2.098,1.131,3.211
177.4,0.484,2.281,1.260,3.145
170.2,0.619,2.209,1.144,3.114
192.9,0.513,2.315,1.037,3.068
181.9,0.510,2.372,1.079,3.165
178.7,0.634,2.198,1.172,3.172
213.6,0.792,2.116,0.867,3.309
184.1,0.473,2.290,1.250,3.255
199.6,0.498,2.367,1.136,3.308
187.8,0.589,2.284,1.067,3.217
172.6,0.523,2.286,1.081,3.061
175.5,0.525,2.331,1.097,3.433
185.8,0.533,2.267,1.016,3.274
182.5,0.637,2.128,1.088,3.239
175.2,0.624,2.262,1.058,3.237
182.0,0.658,2.220,1.159,3.128
191.3,0.659,2.264,1.095,3.231
175.5,0.539,2.345,1.125,3.205
200.9,0.629,2.267,1.074,3.149
223.9,0.885,2.197,0.872,3.012
180.0,0.533,2.332,1.049,3.330
184.7,0.529,2.222,1.145,3.247
189.3,0.604,2.236,1.098,3.150
178.5,0.459,2.605,1.180,3.342
188.2,0.596,2.157,1.098,3.333
196.7,0.549,2.351,1.077,3.010
171.6,0.516,2.213,1.181,3.230
213.2,0.823,2.304,0.975,3.405
188.9,0.562,2.297,1.115,3.276
178.8,0.507,2.266,1.197,3.257
180.2,0.501,2.249,1.211,3.183
199.3,0.585,2.311,1.064,3.137
187.0,0.624,2.099,1.018,3.150
176.0,0.604,2.274,1.097,3.020
191.7,0.485,2.352,1.199,3.127
195.2,0.552,2.309,1.127,3.106
184.4,0.504,2.480,1.133,3.311
182.6,0.598,2.299,1.034,3.289
189.6,0.586,2.330,1.070,3.188
188.7,0.544,2.325,1.212,2.992
190.4,0.521,2.407,1.158,2.979
192.8,0.572,2.456,1.069,3.328
184.8,0.631,2.245,1.204,3.166
185.5,0.517,2.519,1.148,3.359
194.1,0.595,2.306,1.104,3.235
178.6,0.523,2.324,1.188,3.258
202.1,0.726,2.248,0.923,3.134
181.9,0.446,2.419,1.235,3.281
206.7,0.668,2.216,0.967,3.187
198.7,0.529,2.331,1.177,3.332
193.3,0.711,2.166,1.113,3.017
179.3,0.522,2.274,1.269,3.001
191.2,0.678,2.262,0.995,3.380
224.3,0.834,2.082,0.875,3.125
188.9,0.659,2.084,1.015,3.121
192.9,0.554,2.374,1.040,3.114
178.7,0.601,2.255,1.137,2.852
195.4,0.565,2.285,1.153,3.177
230.8,0.872,2.161,0.786,3.243
185.8,0.501,2.471,1.124,3.144
188.7,0.611,2.272,1.033,3.071
201.0,0.497,2.327,1.188,3.089
189.2,0.648,2.183,1.036,3.064
188.8,0.561,2.238,1.126,3.167
179.2,0.552,2.162,1.167,3.171
189.0,0.614,2.268,1.003,3.046
232.3,0.853,2.019,0.820,3.134
180.7,0.466,2.418,1.256,3.101
177.2,0.499,2.276,1.296,3.033
194.2,0.574,2.343,1.057,3.073
177.2,0.496,2.457,1.297,3.214
180.8,0.627,2.295,1.034,2.995
204.6,0.729,2.244,0.831,3.041
190.5,0.603,2.156,1.189,3.404
194.5,0.686,2.245,1.069,3.096
192.5,0.580,2.251,1.114,3.057
209.9,0.711,2.215,0.914,3.027
198.1,0.638,2.287,1.051,3.045
196.3,0.619,2.283,1.091,3.073
186.9,0.566,2.248,1.068,3.009
192.2,0.752,2.218,1.008,3.191
192.9,0.498,2.431,1.175,3.246
181.4,0.648,2.290,0.953,2.991
212.5,0.552,2.261,1.031,3.064
179.7,0.538,2.248,1.094,3.155
187.9,0.557,2.313,1.131,3.150
191.1,0.515,2.439,1.190,3.071
197.2,0.607,2.322,1.015,3.118
202.7,0.685,2.097,1.000,3.041
179.7,0.529,2.403,1.108,3.268
180.8,0.515,2.592,1.136,3.305
186.4,0.490,2.461,1.187,3.346
173.8,0.553,2.350,1.121,3.092
174.9,0.556,2.253,1.030,3.225
196.3,0.694,2.170,0.995,3.018
193.1,0.508,2.238,1.229,2.985
191.6,0.545,2.319,1.126,3.026
184.1,0.539,2.276,1.060,3.398
194.1,0.530,2.435,1.079,3.256
189.2,0.575,2.163,0.974,3.347
200.9,0.578,2.302,0.973,3.140
196.3,0.663,2.307,0.985,3.364
207.4,0.628,2.178,1.014,3.131
181.6,0.478,2.454,1.222,3.119
195.5,0.563,2.270,1.133,3.098
217.5,0.742,2.231,0.927,3.304
199.7,0.540,2.295,1.032,3.098
180.6,0.626,2.314,1.051,3.291
183.3,0.530,2.356,1.192,2.986
187.0,0.508,2.304,1.051,3.238
206.5,0.534,2.358,1.118,2.952
196.0,0.509,2.321,1.103,2.971
182.8,0.590,2.262,1.035,3.303
181.9,0.510,2.231,1.159,2.966
185.1,0.488,2.401,1.102,3.188
193.3,0.489,2.379,1.032,3.261
190.6,0.668,2.268,1.012,3.129
193.1,0.605,2.370,0.983,3.165
182.0,0.543,2.213,1.098,3.189
179.9,0.562,2.182,1.040,3.070
191.9,0.677,2.286,1.042,3.085
183.7,0.524,2.252,1.165,3.179
194.1,0.699,2.235,0.895,3.252
189.3,0.537,2.235,1.085,3.242
199.8,0.515,2.259,1.132,3.168
192.4,0.602,2.309,1.091,3.216
186.8,0.569,2.212,1.340,3.067
188.3,0.522,2.339,1.153,3.123
202.7,0.717,2.236,0.899,3.179
195.1,0.518,2.395,1.104,3.275
208.3,0.699,2.236,0.839,3.170
197.5,0.808,2.168,0.968,3.065
211.9,0.768,2.240,0.849,3.060
195.6,0.728,2.321,1.017,3.229
193.4,0.484,2.347,1.176,3.266
184.7,0.574,2.458,1.035,3.264
202.3,0.670,2.292,0.990,3.194
184.9,0.580,2.294,1.113,3.192
193.6,0.472,2.570,1.158,3.198
185.0,0.507,2.286,1.141,3.444
179.0,0.485,2.352,1.299,3.167
193.6,0.488,2.473,1.157,3.317
213.4,0.815,2.101,0.860,3.434
175.1,0.590,2.262,0.984,3.044
204.2,0.762,2.175,0.944,3.102
179.5,0.466,2.362,1.227,3.235
176.9,0.517,2.364,1.129,3.084
189.4,0.619,2.324,0.983,3.159
191.8,0.473,2.371,1.221,3.209
191.3,0.520,2.143,1.186,3.289
172.7,0.539,2.446,1.123,3.228
204.8,0.761,2.245,0.919,3.268
193.3,0.628,2.159,0.997,3.117
194.9,0.556,2.331,1.079,3.167
185.3,0.472,2.428,1.090,3.165
189.8,0.612,2.214,1.063,3.287
194.9,0.572,2.348,1.103,3.292
197.8,0.473,2.331,1.261,3.224
184.6,0.486,2.304,1.303,3.386
193.7,0.531,2.235,1.142,3.270
186.6,0.505,2.351,1.028,3.132
177.6,0.472,2.341,1.290,3.041
198.8,0.533,2.357,1.117,3.147
187.0,0.543,2.417,1.155,3.064
189.1,0.488,2.265,1.098,3.003
182.6,0.503,2.446,1.101,3.035
178.1,0.532,2.413,1.131,3.200
183.0,0.492,2.365,1.191,3.056
175.9,0.517,2.485,1.147,3.234
182.9,0.491,2.650,1.086,3.186
191.0,0.493,2.436,1.147,3.236
187.7,0.497,2.336,1.153,3.275
182.6,0.487,2.419,1.329,3.093
187.8,0.483,2.379,1.211,3.110
189.9,0.559,2.355,1.008,3.109
183.7,0.534,2.269,1.265,3.016
169.8,0.530,2.500,1.144,3.146
181.5,0.544,2.342,1.082,3.248
169.6,0.502,2.536,1.192,3.291
192.2,0.477,2.322,1.147,3.035
184.5,0.531,2.198,1.212,3.073
177.1,0.453,2.343,1.283,3.221
192.6,0.619,2.396,1.051,3.215
183.7,0.500,2.368,1.208,3.170
193.9,0.529,2.312,1.177,3.106
180.1,0.524,2.432,1.122,3.169
177.4,0.460,2.320,1.172,3.176
188.5,0.497,2.336,1.099,3.172
175.5,0.507,2.398,1.160,3.291
191.1,0.518,2.387,1.108,3.196
190.7,0.676,2.345,0.977,3.209
187.9,0.531,2.327,1.100,3.230
169.3,0.506,2.404,1.324,3.106
178.6,0.529,2.506,1.129,3.181
170.7,0.504,2.344,1.237,3.162
167.6,0.463,2.511,1.205,3.243
185.5,0.633,2.256,0.985,3.342
176.1,0.490,2.338,1.174,3.141
181.2,0.523,2.277,1.071,3.191
187.6,0.508,2.417,1.161,3.244
201.7,0.667,2.219,1.112,3.164
185.0,0.512,2.340,1.097,3.083
172.0,0.523,2.392,1.187,3.271
188.9,0.532,2.347,1.176,3.148
178.4,0.516,2.268,1.189,3.273
189.7,0.519,2.200,1.254,3.126
186.6,0.587,2.389,1.071,3.104
187.9,0.554,2.319,1.082,3.181
190.7,0.516,2.395,1.186,3.132
183.7,0.594,2.253,1.262,3.105
185.8,0.450,2.412,1.296,3.181
179.7,0.569,2.384,1.137,3.304
174.2,0.513,2.491,1.125,3.259
191.3,0.502,2.333,1.109,3.326
186.9,0.499,2.282,1.147,3.023
190.4,0.519,2.223,1.146,3.210
189.1,0.491,2.369,1.152,3.181
180.7,0.507,2.176,1.226,3.053
168.2,0.527,2.431,1.230,3.151
183.7,0.503,2.323,1.132,3.096
199.1,0.529,2.297,1.078,3.218
175.0,0.495,2.189,1.230,3.183
184.5,0.487,2.370,1.114,3.079
188.9,0.517,2.370,1.092,3.086
185.7,0.541,2.406,1.081,3.114
181.8,0.517,2.323,1.141,3.125
180.6,0.524,2.396,1.125,3.297
187.2,0.499,2.326,1.203,3.249
187.0,0.480,2.471,1.259,3.125
185.4,0.539,2.267,1.126,3.204
177.4,0.516,2.489,1.184,3.243
178.3,0.489,2.392,1.125,3.219
170.6,0.503,2.320,1.096,3.232
189.8,0.465,2.380,1.164,3.109
195.6,0.590,2.350,0.993,3.135
178.5,0.530,2.402,1.258,3.185
182.5,0.534,2.210,1.085,3.238
188.0,0.541,2.182,1.062,3.131
173.6,0.483,2.434,1.138,3.166
180.7,0.508,2.295,1.228,3.146
183.8,0.542,2.299,1.111,3.115
186.7,0.480,2.372,1.152,3.166
193.0,0.483,2.427,1.158,3.134
177.0,0.537,2.441,1.148,3.264
182.4,0.497,2.355,1.131,3.125
181.9,0.512,2.309,1.180,3.067
183.2,0.622,2.333,1.048,3.269
183.1,0.500,2.348,1.132,3.329
190.3,0.486,2.273,1.217,3.092
190.7,0.582,2.290,1.004,3.212
198.0,0.511,2.433,0.975,3.144
183.5,0.510,2.287,1.194,3.203
188.8,0.508,2.349,1.164,3.165
188.2,0.472,2.375,1.195,2.998
181.0,0.544,2.265,1.145,3.262
177.2,0.594,2.186,1.055,3.223
181.5,0.554,2.469,1.076,3.135
192.1,0.496,2.291,1.092,3.149
178.9,0.615,2.353,1.068,3.172
177.9,0.499,2.382,1.227,3.092
185.9,0.533,2.324,1.071,3.075
181.6,0.490,2.371,1.317,3.139
186.5,0.531,2.335,1.050,3.170
187.3,0.562,2.296,1.116,3.284
175.2,0.478,2.419,1.275,3.181
185.2,0.563,2.290,1.158,3.291
188.9,0.506,2.306,1.184,3.215
188.3,0.461,2.361,1.216,3.031
174.9,0.499,2.460,1.148,3.223
182.7,0.542,2.333,1.174,3.272
171.3,0.486,2.474,1.271,3.177
183.0,0.481,2.336,1.216,3.195
181.4,0.483,2.333,1.173,3.130
187.7,0.480,2.417,1.078,3.136
189.1,0.462,2.236,1.211,3.084
186.4,0.500,2.326,1.129,3.155
200.5,0.527,2.224,1.086,3.120
190.5,0.485,2.396,1.169,3.152
190.7,0.479,2.329,1.189,3.217
169.1,0.521,2.488,1.225,3.282
175.1,0.499,2.413,1.192,3.193
185.8,0.511,2.400,1.188,3.240
183.8,0.517,2.340,1.193,3.076
178.6,0.552,2.335,1.095,3.110
196.4,0.663,2.026,1.017,3.008
179.2,0.499,2.266,1.126,3.125
174.1,0.488,2.467,1.165,3.231
177.6,0.503,2.209,1.236,3.081
187.1,0.495,2.290,1.181,3.087
183.5,0.507,2.285,1.131,3.124
182.8,0.477,2.379,1.319,3.102
184.9,0.496,2.381,1.071,3.204
187.2,0.670,2.252,1.063,3.201
178.6,0.455,2.476,1.221,3.195
172.7,0.504,2.307,1.153,3.376
192.9,0.534,2.290,1.061,3.127
179.9,0.577,2.333,1.127,3.120
195.5,0.579,2.259,1.063,3.258
178.3,0.553,2.351,1.142,3.418
170.9,0.537,2.399,1.128,3.331
204.0,0.817,2.124,0.956,3.035
185.2,0.486,2.293,1.079,3.158
185.4,0.477,2.353,1.153,3.068
187.8,0.557,2.215,1.146,3.135
193.7,0.526,2.269,1.099,3.255
177.7,0.480,2.371,1.214,3.213
181.0,0.507,2.443,1.091,3.237
190.9,0.499,2.373,1.137,3.337
183.9,0.474,2.264,1.163,3.021
183.9,0.501,2.452,1.154,3.184
180.2,0.477,2.391,1.197,3.228
199.7,0.484,2.319,1.241,3.203
182.1,0.504,2.301,1.293,3.081
187.3,0.528,2.440,1.161,3.213
187.3,0.503,2.329,1.115,3.143
185.6,0.500,2.437,1.199,3.195
182.3,0.479,2.396,1.173,3.197
186.3,0.455,2.430,1.286,3.111
187.5,0.466,2.373,1.121,3.236
185.6,0.484,2.350,1.116,3.206
185.0,0.528,2.351,1.121,3.299
181.9,0.494,2.261,1.222,3.087
188.4,0.512,2.388,1.148,3.172
178.3,0.526,2.251,1.196,3.200
188.3,0.482,2.220,1.218,3.033
182.5,0.471,2.412,1.192,3.158
172.4,0.516,2.485,1.145,3.261
175.0,0.491,2.424,1.198,3.192
194.6,0.694,2.245,0.989,3.161
193.6,0.537,2.313,1.161,3.066
175.2,0.519,2.332,1.130,3.232
180.7,0.514,2.420,1.242,3.124
178.2,0.491,2.341,1.268,3.042
184.6,0.510,2.478,1.171,3.169
175.8,0.492,2.367,1.264,3.274
181.5,0.493,2.303,1.151,3.235
180.2,0.605,2.350,1.077,3.006
194.6,0.477,2.429,1.202,3.100
187.5,0.594,2.297,1.070,3.277
172.3,0.563,2.295,1.160,3.276
188.5,0.685,2.140,1.039,3.102
192.5,0.527,2.256,1.100,3.310
186.4,0.537,2.349,1.082,3.223
192.1,0.563,2.293,1.061,3.191
184.1,0.492,2.307,1.220,3.131
187.0,0.537,2.348,1.014,3.274
193.1,0.498,2.387,1.206,3.174
184.5,0.492,2.537,1.142,3.213
183.2,0.546,2.311,1.140,3.148
191.1,0.658,2.355,0.938,3.308
194.3,0.571,2.336,1.048,3.221
176.8,0.506,2.356,1.247,3.050
174.8,0.588,2.289,1.146,3.042
168.5,0.543,2.363,1.159,3.156
185.6,0.476,2.374,1.281,3.129
176.2,0.548,2.498,1.179,3.270
176.5,0.505,2.440,1.155,3.305
191.6,0.618,2.246,1.007,3.136
181.2,0.601,2.367,1.032,3.330
192.8,0.629,2.115,1.062,3.163
193.7,0.587,2.262,1.133,3.215
181.1,0.506,2.457,1.149,3.148
175.9,0.542,2.302,1.086,3.415
179.0,0.483,2.413,1.218,3.183
185.4,0.660,2.093,1.042,3.114
175.8,0.523,2.373,1.219,3.197
183.6,0.584,2.286,1.136,3.147
185.1,0.530,2.506,1.148,3.015
181.1,0.620,2.301,1.063,3.319
165.6,0.513,2.387,1.164,3.238
187.2,0.554,2.310,1.168,3.255
173.9,0.522,2.537,1.187,3.167
181.9,0.537,2.358,1.125,3.330
194.2,0.551,2.379,1.096,2.949
205.6,0.714,2.180,0.931,3.218
185.4,0.467,2.389,1.186,3.250
186.4,0.498,2.331,1.164,3.154
176.4,0.470,2.394,1.187,3.006
180.6,0.499,2.417,1.196,3.260
188.6,0.506,2.377,1.224,3.101
190.1,0.569,2.335,1.200,3.207
192.6,0.566,2.221,1.169,3.051
181.0,0.484,2.487,1.163,3.053
180.9,0.624,2.349,1.068,3.199
181.6,0.563,2.287,1.104,3.091
180.7,0.525,2.476,1.127,3.253
179.8,0.464,2.468,1.371,3.114
178.3,0.507,2.561,1.167,3.232
179.3,0.534,2.414,1.128,3.114
188.8,0.552,2.264,1.199,3.329
180.9,0.497,2.426,1.141,3.255
188.5,0.523,2.392,1.056,3.247
184.2,0.621,2.256,1.093,3.092
194.8,0.622,2.204,0.975,3.224
170.4,0.489,2.355,1.221,3.137
186.2,0.529,2.203,1.155,3.143
188.3,0.484,2.178,1.176,3.054
181.9,0.477,2.419,1.204,3.259
179.1,0.513,2.380,1.157,3.167
177.1,0.546,2.409,1.041,3.309
179.2,0.490,2.365,1.174,3.150
178.5,0.543,2.364,1.192,3.264
177.3,0.580,2.375,1.113,3.085
172.5,0.536,2.378,1.141,2.943
180.5,0.511,2.398,1.158,3.252
190.7,0.509,2.332,1.173,3.033
189.5,0.546,2.245,1.145,3.166
178.2,0.596,2.378,1.071,3.204
187.0,0.540,2.238,1.173,3.247
185.0,0.516,2.274,1.128,3.251
181.1,0.611,2.336,1.085,3.233
190.8,0.476,2.462,1.192,3.255
174.7,0.488,2.315,1.269,3.022
185.0,0.463,2.397,1.064,3.456
188.6,0.578,2.266,1.069,3.178
181.3,0.535,2.325,1.194,3.055
184.1,0.523,2.483,1.175,3.281
180.6,0.518,2.418,1.129,3.145
175.5,0.532,2.574,1.133,3.226
190.3,0.575,2.325,1.021,3.281
167.0,0.524,2.450,1.106,3.227
180.5,0.491,2.463,1.149,3.319
187.2,0.533,2.332,1.037,3.175
183.7,0.501,2.477,1.073,3.155
174.8,0.608,2.309,1.179,3.097
193.1,0.506,2.390,1.155,3.130
176.5,0.507,2.374,1.251,3.165
185.8,0.500,2.303,1.154,3.147
194.8,0.527,2.420,1.068,3.293
195.9,0.563,2.254,1.062,3.200
172.5,0.522,2.473,1.040,3.265
177.7,0.484,2.432,1.242,3.292
185.2,0.477,2.339,1.177,3.047
178.9,0.610,2.239,1.162,3.171
184.5,0.471,2.463,1.184,3.087
184.3,0.531,2.439,1.112,3.180
175.8,0.506,2.291,1.161,3.109
186.3,0.539,2.449,1.033,3.245
188.9,0.581,2.123,1.065,3.214
181.1,0.544,2.241,1.140,3.130
182.4,0.641,2.255,1.088,3.275
178.5,0.490,2.348,1.096,3.136
181.5,0.516,2.307,1.231,3.079
181.3,0.543,2.426,1.079,3.094
194.5,0.516,2.204,1.112,3.258
182.3,0.582,2.270,1.184,3.111
176.5,0.499,2.480,1.195,3.124
187.8,0.639,2.253,1.051,3.173
182.8,0.499,2.305,1.206,3.234
179.2,0.519,2.267,1.106,3.023
184.5,0.573,2.278,1.110,3.064
201.7,0.677,2.152,0.999,3.120
192.7,0.552,2.300,1.122,3.163
179.3,0.524,2.378,1.146,3.219
178.0,0.556,2.311,1.130,3.038
188.6,0.511,2.389,1.119,3.135
187.7,0.476,2.365,1.177,3.006
184.7,0.496,2.462,1.180,3.170
176.5,0.519,2.509,1.110,3.166
189.8,0.510,2.290,1.236,3.119
177.2,0.503,2.350,1.198,3.069
180.9,0.464,2.407,1.215,3.069
180.8,0.593,2.401,1.150,3.053
184.8,0.490,2.348,1.203,3.176
174.7,0.516,2.428,1.113,2.967
179.8,0.543,2.510,1.146,3.252
178.5,0.463,2.471,1.168,3.075
174.7,0.606,2.319,1.098,3.118
209.5,0.714,2.118,0.936,3.116
172.3,0.510,2.391,1.198,3.240
193.3,0.589,2.324,1.007,3.333
179.3,0.475,2.274,1.160,3.117
187.4,0.509,2.379,1.204,3.237
185.5,0.494,2.489,1.181,3.069
183.9,0.508,2.313,1.224,2.999
180.3,0.513,2.233,1.225,3.185
179.0,0.577,2.346,1.146,3.014
181.2,0.541,2.121,1.134,3.074
188.1,0.503,2.460,1.083,3.048
182.3,0.527,2.439,1.137,3.228
188.7,0.566,2.340,1.057,3.049
190.2,0.570,2.262,1.012,3.065
180.3,0.514,2.343,1.315,3.058
183.4,0.577,2.288,1.125,3.146
179.5,0.514,2.422,1.049,3.028
188.0,0.476,2.326,1.230,3.044
181.6,0.493,2.481,1.209,3.253
188.0,0.492,2.449,1.306,3.060
198.1,0.752,2.163,1.016,3.108
178.9,0.500,2.307,1.053,3.111
181.5,0.492,2.446,1.035,3.181
180.0,0.504,2.333,1.189,3.140
190.0,0.676,2.254,1.039,3.335
188.1,0.541,2.337,1.177,3.130
188.7,0.505,2.286,1.043,3.329
180.1,0.484,2.378,1.231,3.081
183.3,0.504,2.379,1.117,3.132
198.3,0.497,2.294,1.167,3.145
177.5,0.491,2.415,1.117,3.164
199.1,0.480,2.478,1.143,3.121
183.0,0.484,2.435,1.171,3.207
177.4,0.491,2.400,1.045,3.183
185.9,0.494,2.421,1.297,3.077
190.5,0.515,2.229,1.100,3.159
178.9,0.538,2.273,1.139,3.191
182.4,0.521,2.208,1.233,3.097
191.0,0.453,2.339,1.202,3.070
194.6,0.482,2.317,1.156,3.016
181.3,0.510,2.422,1.198,3.211
200.4,0.523,2.418,1.166,3.093
197.1,0.540,2.321,1.061,3.324
180.0,0.552,2.333,1.022,3.072
181.7,0.629,2.436,1.084,3.005
176.4,0.621,2.206,1.052,3.031
177.8,0.515,2.283,1.096,3.136
190.6,0.489,2.354,1.148,3.046
183.5,0.489,2.452,1.130,3.206
170.7,0.525,2.496,1.183,3.388
185.2,0.586,2.305,1.112,3.076
189.2,0.575,2.385,0.964,3.134
184.2,0.517,2.403,1.086,3.143
178.5,0.501,2.348,1.158,3.201
181.6,0.481,2.434,1.107,3.121
174.9,0.562,2.198,1.102,3.125
191.9,0.551,2.266,1.137,3.121
178.8,0.500,2.428,1.202,3.075
195.5,0.518,2.466,1.215,3.024
185.7,0.592,2.413,1.099,3.266
180.7,0.570,2.212,1.046,3.253
194.8,0.491,2.290,1.112,3.066
203.4,0.536,2.287,1.125,3.023
176.1,0.522,2.343,1.106,3.047
187.1,0.625,2.305,1.009,3.070
182.3,0.584,2.238,1.162,3.129
184.3,0.521,2.303,1.181,2.948
189.8,0.553,2.375,1.048,3.111
184.4,0.509,2.396,1.181,3.164
198.1,0.592,2.193,1.062,3.113
188.0,0.505,2.287,1.183,3.200
187.5,0.522,2.327,1.107,3.121
175.5,0.453,2.375,1.322,3.182
201.9,0.474,2.330,1.255,3.099
187.2,0.499,2.375,1.092,3.209
181.2,0.524,2.309,1.100,3.084
181.1,0.521,2.234,1.168,3.267
173.8,0.506,2.169,1.207,3.100
201.4,0.659,2.225,1.036,3.081
184.3,0.484,2.232,1.124,3.096
187.5,0.482,2.269,1.178,2.996
183.1,0.494,2.293,1.176,3.035